ID,stress_score
TEST_0000,0.48899999999999993
TEST_0001,0.9249999999999999
TEST_0002,0.28300000000000003
TEST_0003,0.4729999999999999
TEST_0004,0.5254663639170938
TEST_0005,0.48299999999999993
TEST_0006,0.7499999999999999
TEST_0007,0.4799245703457655
TEST_0008,0.45550627072829447
TEST_0009,0.8323335169661001
TEST_0010,0.8356744302796956
TEST_0011,0.49737789542955396
TEST_0012,0.6699999999999999
TEST_0013,0.8329921512004711
TEST_0014,0.42821792279097026
TEST_0015,0.5820000000000001
TEST_0016,0.49099999999999994
TEST_0017,0.22699999999999995
TEST_0018,0.5719819256602463
TEST_0019,0.599
TEST_0020,0.3410000000000001
TEST_0021,0.4787971720454361
TEST_0022,0.516
TEST_0023,0.48322447503392135
TEST_0024,0.6799999999999998
TEST_0025,0.5520790283564212
TEST_0026,0.48381467117839805
TEST_0027,0.518
TEST_0028,0.4865594042000606
TEST_0029,0.6879999999999998
TEST_0030,0.473601004410846
TEST_0031,0.48699999999999993
TEST_0032,0.38099999999999995
TEST_0033,0.49099999999999994
TEST_0034,0.49594294846642817
TEST_0035,0.48493618044959563
TEST_0036,0.535
TEST_0037,0.3870009516794199
TEST_0038,0.5618693970120169
TEST_0039,0.48899999999999993
TEST_0040,0.4089999999999999
TEST_0041,0.49839048656573787
TEST_0042,0.8293359025643647
TEST_0043,0.4925535318017432
TEST_0044,0.48582433027038735
TEST_0045,0.48846312329399794
TEST_0046,0.3361347968425241
TEST_0047,0.48999999999999994
TEST_0048,0.28200000000000003
TEST_0049,0.4783133630254859
TEST_0050,0.5682934935450892
TEST_0051,0.7929999999999997
TEST_0052,0.7929999999999998
TEST_0053,0.558856291318557
TEST_0054,0.48960164879520846
TEST_0055,0.47056154001668415
TEST_0056,0.4889012146748232
TEST_0057,0.49777120229645544
TEST_0058,0.31900000000000006
TEST_0059,0.7556722880521037
TEST_0060,0.7969999999999998
TEST_0061,0.48297111183560126
TEST_0062,0.9069496360819302
TEST_0063,0.688
TEST_0064,0.3282682959904861
TEST_0065,0.584297295432338
TEST_0066,0.4799999999999999
TEST_0067,0.42533680190320433
TEST_0068,0.24054170066526886
TEST_0069,0.6789999999999998
TEST_0070,0.5180019495801611
TEST_0071,0.4873360979440999
TEST_0072,0.42408587237339207
TEST_0073,0.6979999999999998
TEST_0074,0.4532541573006739
TEST_0075,0.156
TEST_0076,0.48854409510617997
TEST_0077,0.4229999999999999
TEST_0078,0.511200535213311
TEST_0079,0.4789999999999999
TEST_0080,0.48115432139434794
TEST_0081,0.30699999999999994
TEST_0082,0.4799999999999999
TEST_0083,0.4718076098563631
TEST_0084,0.2559557721348301
TEST_0085,0.4249999999999999
TEST_0086,0.38999999999999996
TEST_0087,0.76
TEST_0088,0.12399999999999999
TEST_0089,0.689
TEST_0090,0.49915541902107946
TEST_0091,0.4649999999999999
TEST_0092,0.8454419632014326
TEST_0093,0.11200000000000004
TEST_0094,0.38199999999999995
TEST_0095,0.35600000000000004
TEST_0096,0.5441293488119925
TEST_0097,0.7485057624750192
TEST_0098,0.13499999999999998
TEST_0099,0.515
TEST_0100,0.48699999999999993
TEST_0101,0.4647123755887761
TEST_0102,0.8429999999999999
TEST_0103,0.8248109923087359
TEST_0104,0.3460000000000001
TEST_0105,0.6620000000000001
TEST_0106,0.5224657095890828
TEST_0107,0.39112464781780104
TEST_0108,0.52
TEST_0109,0.4779999999999999
TEST_0110,0.45066835468092326
TEST_0111,0.321
TEST_0112,0.3527202970984874
TEST_0113,0.4889001265489505
TEST_0114,0.3320000000000001
TEST_0115,0.512
TEST_0116,0.3898222401256414
TEST_0117,0.17900000000000002
TEST_0118,0.8813079634709589
TEST_0119,0.6679999999999999
TEST_0120,0.48057984865471903
TEST_0121,0.4744029835575343
TEST_0122,0.5116416674923118
TEST_0123,0.5788606127872558
TEST_0124,0.48126871077608685
TEST_0125,0.8229999999999998
TEST_0126,0.6879999999999998
TEST_0127,0.49250889879595655
TEST_0128,0.5880000000000001
TEST_0129,0.4961260666757709
TEST_0130,0.47727976377256737
TEST_0131,0.524146842802348
TEST_0132,0.8319999999999999
TEST_0133,0.3480000000000001
TEST_0134,0.7509274936906813
TEST_0135,0.5444184375077367
TEST_0136,0.23699999999999996
TEST_0137,0.5892422539146005
TEST_0138,0.08556785384593721
TEST_0139,0.21199999999999994
TEST_0140,0.48199999999999993
TEST_0141,0.48799999999999993
TEST_0142,0.45195589274806114
TEST_0143,0.5481336671019478
TEST_0144,0.5173458070516566
TEST_0145,0.506
TEST_0146,0.3145271315833064
TEST_0147,0.28600000000000003
TEST_0148,0.20000000000000007
TEST_0149,0.4699999999999999
TEST_0150,0.4618766728223471
TEST_0151,0.4471817807225614
TEST_0152,0.3981436118369775
TEST_0153,0.05700000000000001
TEST_0154,0.5020641983465672
TEST_0155,0.5165931581133011
TEST_0156,0.54
TEST_0157,0.32900000000000007
TEST_0158,0.35677595189045397
TEST_0159,0.46121298308722763
TEST_0160,0.48999999999999994
TEST_0161,0.06600000000000002
TEST_0162,0.4605905273321815
TEST_0163,0.48899999999999993
TEST_0164,0.47897209986918077
TEST_0165,0.4710059445939507
TEST_0166,0.5281142047714148
TEST_0167,0.5739999999999998
TEST_0168,0.49151971512639014
TEST_0169,0.4923434713793059
TEST_0170,0.5834778013037094
TEST_0171,0.8959999999999998
TEST_0172,0.4748843409880982
TEST_0173,0.4881012950495192
TEST_0174,0.5012811183351029
TEST_0175,0.49699999999999994
TEST_0176,0.534
TEST_0177,0.7591132551256614
TEST_0178,0.48602273729894857
TEST_0179,0.7726705151220998
TEST_0180,0.1650072874215594
TEST_0181,0.48303702384806135
TEST_0182,0.4473772588023446
TEST_0183,0.516
TEST_0184,0.49300047569142247
TEST_0185,0.048
TEST_0186,0.6789999999999999
TEST_0187,0.16000000000000003
TEST_0188,0.4339999999999999
TEST_0189,0.48059585257751564
TEST_0190,0.45642668692788235
TEST_0191,0.294322433353927
TEST_0192,0.22299999999999998
TEST_0193,0.11169355118261205
TEST_0194,0.4099999999999999
TEST_0195,0.1068123363486315
TEST_0196,0.501
TEST_0197,0.4839370133617339
TEST_0198,0.4732889707517491
TEST_0199,0.48699999999999993
TEST_0200,0.3751566585247686
TEST_0201,0.48751162779163615
TEST_0202,0.33427097070257483
TEST_0203,0.18500000000000005
TEST_0204,0.5030535135634051
TEST_0205,0.8437235509882083
TEST_0206,0.3619999999999999
TEST_0207,0.48199999999999993
TEST_0208,0.8058611549439779
TEST_0209,0.4799999999999999
TEST_0210,0.5244740695686665
TEST_0211,0.4978199102835303
TEST_0212,0.7459999999999999
TEST_0213,0.7307794339929994
TEST_0214,0.8649999999999999
TEST_0215,0.4239999999999999
TEST_0216,0.5285635908549222
TEST_0217,0.25199999999999995
TEST_0218,0.45171924502219135
TEST_0219,0.48899999999999993
TEST_0220,0.23821611739803727
TEST_0221,0.43730023220230785
TEST_0222,0.49540601071920876
TEST_0223,0.4859457731748537
TEST_0224,0.6620000000000001
TEST_0225,0.3855297546780954
TEST_0226,0.41364891388044367
TEST_0227,0.534
TEST_0228,0.548
TEST_0229,0.5229964643606462
TEST_0230,0.5257782670067496
TEST_0231,0.49899999999999994
TEST_0232,0.4891114596204474
TEST_0233,0.4659999999999999
TEST_0234,0.4769999999999999
TEST_0235,0.8104128507520325
TEST_0236,0.4969876601267104
TEST_0237,0.4130476174709176
TEST_0238,0.38170739302627155
TEST_0239,0.6819999999999998
TEST_0240,0.527
TEST_0241,0.9289999999999999
TEST_0242,0.4809999999999999
TEST_0243,0.613
TEST_0244,0.47216993189065165
TEST_0245,0.9017640071588303
TEST_0246,0.4936868333397031
TEST_0247,0.5041607247575304
TEST_0248,0.5109599717861316
TEST_0249,0.6132063050524996
TEST_0250,0.38999999999999996
TEST_0251,0.585
TEST_0252,0.4756418717794868
TEST_0253,0.49299999999999994
TEST_0254,0.32000000000000006
TEST_0255,0.4719999999999999
TEST_0256,0.08200000000000002
TEST_0257,0.6214769531005855
TEST_0258,0.512
TEST_0259,0.17500000000000004
TEST_0260,0.32900000000000007
TEST_0261,0.5519522869636586
TEST_0262,0.48999999999999994
TEST_0263,0.8809999999999999
TEST_0264,0.37199999999999994
TEST_0265,0.21199999999999997
TEST_0266,0.21999999999999995
TEST_0267,0.553
TEST_0268,0.48703952134685163
TEST_0269,0.5603727224399593
TEST_0270,0.48800598525572947
TEST_0271,0.546
TEST_0272,0.489349419521213
TEST_0273,0.43540671371054784
TEST_0274,0.4835281323066539
TEST_0275,0.30400000000000005
TEST_0276,0.4827878776759661
TEST_0277,0.48799999999999993
TEST_0278,0.4558149795301385
TEST_0279,0.4878696093295124
TEST_0280,0.3878385544392667
TEST_0281,0.45866706427712267
TEST_0282,0.48600716718611
TEST_0283,0.4809999999999999
TEST_0284,0.4885471511548402
TEST_0285,0.551
TEST_0286,0.4927742522523965
TEST_0287,0.37131380420423393
TEST_0288,0.48852949606241686
TEST_0289,0.47765262124967495
TEST_0290,0.47793744556005735
TEST_0291,0.536
TEST_0292,0.591004765889086
TEST_0293,0.6285735231441578
TEST_0294,0.48299999999999993
TEST_0295,0.552
TEST_0296,0.3368845588836734
TEST_0297,0.48199999999999993
TEST_0298,0.9037382411080396
TEST_0299,0.42415994347285996
TEST_0300,0.47723248873919716
TEST_0301,0.4787305000169003
TEST_0302,0.7409999999999999
TEST_0303,0.12
TEST_0304,0.5152159086475748
TEST_0305,0.49597500794301347
TEST_0306,0.9159999999999999
TEST_0307,0.4079999999999999
TEST_0308,0.4039999999999999
TEST_0309,0.502
TEST_0310,0.466964430808229
TEST_0311,0.264665959164677
TEST_0312,0.892588435864102
TEST_0313,0.4383487537947388
TEST_0314,0.9139999999999999
TEST_0315,0.531
TEST_0316,0.4789999999999999
TEST_0317,0.4229999999999999
TEST_0318,0.42199999999999993
TEST_0319,0.8859999999999999
TEST_0320,0.4795794749681414
TEST_0321,0.20999999999999996
TEST_0322,0.5860000000000001
TEST_0323,0.5325947747096142
TEST_0324,0.601
TEST_0325,0.26499999999999996
TEST_0326,0.5428019438494778
TEST_0327,0.14800000000000002
TEST_0328,0.49140310418639915
TEST_0329,0.5624231585933221
TEST_0330,0.46849202355332326
TEST_0331,0.7329999999999999
TEST_0332,0.4589999999999999
TEST_0333,0.47111421294003103
TEST_0334,0.49099999999999994
TEST_0335,0.5720000000000001
TEST_0336,0.724
TEST_0337,0.3999285801940688
TEST_0338,0.9349999999999999
TEST_0339,0.504
TEST_0340,0.49799999999999994
TEST_0341,0.4089999999999999
TEST_0342,0.4826110694141099
TEST_0343,0.4779999999999999
TEST_0344,0.48899999999999993
TEST_0345,0.4842001458681232
TEST_0346,0.4767174549524913
TEST_0347,0.48697169715584854
TEST_0348,0.4860980593637379
TEST_0349,0.4897873569151949
TEST_0350,0.48098822090658705
TEST_0351,0.8129999999999998
TEST_0352,0.49899999999999994
TEST_0353,0.3742992630995728
TEST_0354,0.511
TEST_0355,0.6181277166571086
TEST_0356,0.7909999999999998
TEST_0357,0.8409999999999999
TEST_0358,0.35352458103302553
TEST_0359,0.4879113402064637
TEST_0360,0.6969999999999998
TEST_0361,0.8909999999999999
TEST_0362,0.6920444258652829
TEST_0363,0.20755745080477714
TEST_0364,0.4359999999999999
TEST_0365,0.14800000000000002
TEST_0366,0.43368961365289194
TEST_0367,0.51
TEST_0368,0.5050979103544069
TEST_0369,0.4954136327870052
TEST_0370,0.45104782726582227
TEST_0371,0.38099999999999995
TEST_0372,0.4933498755769139
TEST_0373,0.3440000000000001
TEST_0374,0.4900882071248119
TEST_0375,0.49209107580252537
TEST_0376,0.4979004752545326
TEST_0377,0.10598778166442871
TEST_0378,0.8859002992628358
TEST_0379,0.37422694430162506
TEST_0380,0.8113954463890278
TEST_0381,0.47113715434422554
TEST_0382,0.20035490174735854
TEST_0383,0.7858473714517338
TEST_0384,0.10200000000000004
TEST_0385,0.577
TEST_0386,0.43511623503172464
TEST_0387,0.5013111973291549
TEST_0388,0.49699999999999994
TEST_0389,0.4996476798060069
TEST_0390,0.504
TEST_0391,0.5030600087148988
TEST_0392,0.4883632860261806
TEST_0393,0.1469821833049794
TEST_0394,0.13168410939249478
TEST_0395,0.542
TEST_0396,0.24984596396524975
TEST_0397,0.48199999999999993
TEST_0398,0.08300000000000002
TEST_0399,0.5239345267398803
TEST_0400,0.6746166197384316
TEST_0401,0.7009999999999998
TEST_0402,0.3370000000000001
TEST_0403,0.4807716398875372
TEST_0404,0.4729028643507121
TEST_0405,0.3758429776401957
TEST_0406,0.49209071177454966
TEST_0407,0.27499999999999997
TEST_0408,0.583
TEST_0409,0.49599999999999994
TEST_0410,0.4883433443080554
TEST_0411,0.94
TEST_0412,0.6133528311669055
TEST_0413,0.526258769063552
TEST_0414,0.46922203284562425
TEST_0415,0.156
TEST_0416,0.4639999999999999
TEST_0417,0.3810834022650409
TEST_0418,0.14599999999999996
TEST_0419,0.5067211873215474
TEST_0420,0.49857459594454395
TEST_0421,0.7969999999999998
TEST_0422,0.47893373985281723
TEST_0423,0.45476824356795836
TEST_0424,0.21099999999999997
TEST_0425,0.5078525759683734
TEST_0426,0.48199999999999993
TEST_0427,0.4772603770640469
TEST_0428,0.522
TEST_0429,0.67000195911253
TEST_0430,0.08500000000000002
TEST_0431,0.5069075498654653
TEST_0432,0.4876757494342669
TEST_0433,0.94
TEST_0434,0.77387244921356
TEST_0435,0.4358680987872229
TEST_0436,0.48258802464240413
TEST_0437,0.20400000000000007
TEST_0438,0.48791558996719653
TEST_0439,0.07200000000000002
TEST_0440,0.536
TEST_0441,0.49299999999999994
TEST_0442,0.5095829995711375
TEST_0443,0.8209999999999997
TEST_0444,0.47397695903114356
TEST_0445,0.17639282316276922
TEST_0446,0.4486246580375578
TEST_0447,0.6040364820850203
TEST_0448,0.14617363781199605
TEST_0449,0.4529999999999999
TEST_0450,0.5118290200998323
TEST_0451,0.48899999999999993
TEST_0452,0.4878246417431482
TEST_0453,0.504270058339253
TEST_0454,0.661
TEST_0455,0.47825216776432444
TEST_0456,0.7337675804013685
TEST_0457,0.22117850587839932
TEST_0458,0.5056672291388559
TEST_0459,0.4368002081778428
TEST_0460,0.4994640018604053
TEST_0461,0.4250502465195656
TEST_0462,0.4896555293311565
TEST_0463,0.4549999999999999
TEST_0464,0.19200000000000006
TEST_0465,0.645
TEST_0466,0.9109999999999999
TEST_0467,0.47499123419030004
TEST_0468,0.49799999999999994
TEST_0469,0.517
TEST_0470,0.6789999999999998
TEST_0471,0.49125850678383104
TEST_0472,0.5209673497872915
TEST_0473,0.48114923038356455
TEST_0474,0.4469999999999999
TEST_0475,0.500192915247144
TEST_0476,0.8042445450025553
TEST_0477,0.4803710337406918
TEST_0478,0.11200000000000004
TEST_0479,0.4671942280049631
TEST_0480,0.4509999999999999
TEST_0481,0.4852641527158018
TEST_0482,0.48195656831838035
TEST_0483,0.543
TEST_0484,0.21999999999999995
TEST_0485,0.715
TEST_0486,0.3330000000000001
TEST_0487,0.4845753192550505
TEST_0488,0.706
TEST_0489,0.4679999999999999
TEST_0490,0.49784492460681257
TEST_0491,0.07502760921077782
TEST_0492,0.4783135722855186
TEST_0493,0.39999999999999997
TEST_0494,0.49993041578027797
TEST_0495,0.5369231850360979
TEST_0496,0.52
TEST_0497,0.4792152307120801
TEST_0498,0.949
TEST_0499,0.175
TEST_0500,0.06
TEST_0501,0.48899999999999993
TEST_0502,0.49899999999999994
TEST_0503,0.38999999999999996
TEST_0504,0.49950366677287933
TEST_0505,0.2999492312630457
TEST_0506,0.6150262826815498
TEST_0507,0.6299100212615713
TEST_0508,0.723
TEST_0509,0.4819215484996863
TEST_0510,0.4823391106265474
TEST_0511,0.4084433917379349
TEST_0512,0.51
TEST_0513,0.4881378690731899
TEST_0514,0.5125758521244456
TEST_0515,0.48199999999999993
TEST_0516,0.589
TEST_0517,0.48799999999999993
TEST_0518,0.45094373117763387
TEST_0519,0.11200000000000004
TEST_0520,0.4950103092149694
TEST_0521,0.13170903466690392
TEST_0522,0.44466897911508874
TEST_0523,0.7509999999999999
TEST_0524,0.18330209788863294
TEST_0525,0.21818810593892896
TEST_0526,0.153
TEST_0527,0.495419961020354
TEST_0528,0.47599797688661316
TEST_0529,0.47819021118627253
TEST_0530,0.4884375974640666
TEST_0531,0.39599999999999996
TEST_0532,0.484733827351107
TEST_0533,0.661
TEST_0534,0.515
TEST_0535,0.21000000000000008
TEST_0536,0.30907110340833177
TEST_0537,0.10298115787627783
TEST_0538,0.3564804437694725
TEST_0539,0.645
TEST_0540,0.941
TEST_0541,0.7042164899147959
TEST_0542,0.49399999999999994
TEST_0543,0.48799999999999993
TEST_0544,0.209
TEST_0545,0.4449999999999999
TEST_0546,0.48999999999999994
TEST_0547,0.7289999999999999
TEST_0548,0.483101573066816
TEST_0549,0.5002415481984509
TEST_0550,0.21999999999999995
TEST_0551,0.20673669580790607
TEST_0552,0.047
TEST_0553,0.4310981009942333
TEST_0554,0.06787373124459202
TEST_0555,0.5299675336133128
TEST_0556,0.4770367845425704
TEST_0557,0.4434126555983419
TEST_0558,0.6539999999999999
TEST_0559,0.49205331833066596
TEST_0560,0.5043209130948242
TEST_0561,0.4579342330491352
TEST_0562,0.254
TEST_0563,0.5049045363260352
TEST_0564,0.617
TEST_0565,0.48899999999999993
TEST_0566,0.5430034264743268
TEST_0567,0.3593554106946313
TEST_0568,0.5117595811590059
TEST_0569,0.12799999999999997
TEST_0570,0.7866906225430667
TEST_0571,0.4769999999999999
TEST_0572,0.442347121482286
TEST_0573,0.35500000000000004
TEST_0574,0.21
TEST_0575,0.48884385139682773
TEST_0576,0.8759999999999999
TEST_0577,0.16700000000000004
TEST_0578,0.4920112070816423
TEST_0579,0.49899999999999994
TEST_0580,0.49999999999999994
TEST_0581,0.4723090297129087
TEST_0582,0.4836163954839257
TEST_0583,0.4895031650570111
TEST_0584,0.49434363650464186
TEST_0585,0.49268794908713914
TEST_0586,0.6939999999999998
TEST_0587,0.543
TEST_0588,0.48899999999999993
TEST_0589,0.48925196744304383
TEST_0590,0.5710000000000001
TEST_0591,0.067
TEST_0592,0.4613691707639135
TEST_0593,0.48699999999999993
TEST_0594,0.8569999999999999
TEST_0595,0.9199999999999998
TEST_0596,0.515
TEST_0597,0.6140286666522357
TEST_0598,0.48199999999999993
TEST_0599,0.5819999999999999
TEST_0600,0.32699999999999996
TEST_0601,0.48199999999999993
TEST_0602,0.47060175329898496
TEST_0603,0.4826600821856089
TEST_0604,0.4831844525691682
TEST_0605,0.36499999999999994
TEST_0606,0.5252950315847783
TEST_0607,0.7185355452707882
TEST_0608,0.519
TEST_0609,0.4892762163874429
TEST_0610,0.257
TEST_0611,0.4888589562502656
TEST_0612,0.48783604638300954
TEST_0613,0.3897337813101178
TEST_0614,0.4096990102079974
TEST_0615,0.5233870629384041
TEST_0616,0.22126574197819684
TEST_0617,0.4793864226325962
TEST_0618,0.46067375396817195
TEST_0619,0.49290262510613664
TEST_0620,0.7239999999999999
TEST_0621,0.1677444370387104
TEST_0622,0.4699999999999999
TEST_0623,0.6080000000000001
TEST_0624,0.5880000000000001
TEST_0625,0.3646567946575867
TEST_0626,0.19
TEST_0627,0.15799999999999997
TEST_0628,0.48299999999999993
TEST_0629,0.471283007123109
TEST_0630,0.49554154844317994
TEST_0631,0.49199999999999994
TEST_0632,0.6091637731202719
TEST_0633,0.11100000000000002
TEST_0634,0.4389999999999999
TEST_0635,0.6385769824565903
TEST_0636,0.4809999999999999
TEST_0637,0.39099999999999996
TEST_0638,0.5349920682400577
TEST_0639,0.536
TEST_0640,0.49278577187379596
TEST_0641,0.7415313079717905
TEST_0642,0.5310093930736257
TEST_0643,0.49398503804990535
TEST_0644,0.49104655272558967
TEST_0645,0.5639451568408895
TEST_0646,0.2656122306625986
TEST_0647,0.5118009351143484
TEST_0648,0.49722039603878243
TEST_0649,0.4559999999999999
TEST_0650,0.16800000000000004
TEST_0651,0.49568426247154024
TEST_0652,0.48199999999999993
TEST_0653,0.37299999999999994
TEST_0654,0.49599999999999994
TEST_0655,0.41799999999999987
TEST_0656,0.48108067965053913
TEST_0657,0.549
TEST_0658,0.3390000000000001
TEST_0659,0.4960590220912133
TEST_0660,0.39684454511174877
TEST_0661,0.531
TEST_0662,0.5160458474311487
TEST_0663,0.6789999999999998
TEST_0664,0.8366922356334163
TEST_0665,0.5595373590272572
TEST_0666,0.49506782712836084
TEST_0667,0.5028895189889874
TEST_0668,0.4965894756714982
TEST_0669,0.3761394929940345
TEST_0670,0.48806253653984516
TEST_0671,0.48799999999999993
TEST_0672,0.354385459662665
TEST_0673,0.579
TEST_0674,0.5188326042887148
TEST_0675,0.8352961581175337
TEST_0676,0.6040705857651635
TEST_0677,0.6000000000000001
TEST_0678,0.48863874638204524
TEST_0679,0.14800000000000002
TEST_0680,0.798053149362898
TEST_0681,0.4871839648772485
TEST_0682,0.7519999999999999
TEST_0683,0.48199999999999993
TEST_0684,0.47664590605375046
TEST_0685,0.48799999999999993
TEST_0686,0.6699999999999999
TEST_0687,0.514
TEST_0688,0.08400000000000002
TEST_0689,0.5971615610216523
TEST_0690,0.4722769944272634
TEST_0691,0.20200000000000007
TEST_0692,0.508
TEST_0693,0.661
TEST_0694,0.6789999999999999
TEST_0695,0.4760125225777389
TEST_0696,0.48065054153335346
TEST_0697,0.7559999999999999
TEST_0698,0.4897471441453468
TEST_0699,0.4803963786847456
TEST_0700,0.597312471266867
TEST_0701,0.47548822928959117
TEST_0702,0.8200928740781467
TEST_0703,0.09200000000000001
TEST_0704,0.516598122709221
TEST_0705,0.8701688014141141
TEST_0706,0.8219999999999998
TEST_0707,0.48299999999999993
TEST_0708,0.5185275094412078
TEST_0709,0.23130412605004042
TEST_0710,0.938
TEST_0711,0.4061312890828615
TEST_0712,0.4699494037036226
TEST_0713,0.5041472353682888
TEST_0714,0.5094786081213911
TEST_0715,0.4887816724425168
TEST_0716,0.49300527521758175
TEST_0717,0.5037395749122219
TEST_0718,0.46392853451817706
TEST_0719,0.4999459472787876
TEST_0720,0.4719999999999999
TEST_0721,0.3460000000000001
TEST_0722,0.48661637452925915
TEST_0723,0.6359999999999999
TEST_0724,0.33551565297457664
TEST_0725,0.87637289947001
TEST_0726,0.4927050570105544
TEST_0727,0.4891354458992098
TEST_0728,0.5006826825796487
TEST_0729,0.518766143567445
TEST_0730,0.6132127285107538
TEST_0731,0.156
TEST_0732,0.27799999999999997
TEST_0733,0.48199999999999993
TEST_0734,0.493702138052394
TEST_0735,0.5195369809493359
TEST_0736,0.49399999999999994
TEST_0737,0.48299999999999993
TEST_0738,0.767
TEST_0739,0.8849999999999998
TEST_0740,0.48699999999999993
TEST_0741,0.5001660734590506
TEST_0742,0.4813162339980763
TEST_0743,0.4900711926834304
TEST_0744,0.16526858615407003
TEST_0745,0.4609434173806534
TEST_0746,0.4709999999999999
TEST_0747,0.9250280733582029
TEST_0748,0.8390216294484579
TEST_0749,0.5100829525215151
TEST_0750,0.45094373117763387
TEST_0751,0.5103333924939077
TEST_0752,0.536
TEST_0753,0.508
TEST_0754,0.5032953744730574
TEST_0755,0.518
TEST_0756,0.49126547001088755
TEST_0757,0.641
TEST_0758,0.0747672738178851
TEST_0759,0.15000467924844663
TEST_0760,0.4843222599124909
TEST_0761,0.47409254485328867
TEST_0762,0.32699999999999996
TEST_0763,0.47143885992135076
TEST_0764,0.5509813774905374
TEST_0765,0.48199999999999993
TEST_0766,0.44792849799488377
TEST_0767,0.30859859326333583
TEST_0768,0.48499999999999993
TEST_0769,0.408
TEST_0770,0.42894241446626524
TEST_0771,0.4825308857097123
TEST_0772,0.4259999999999999
TEST_0773,0.09200000000000001
TEST_0774,0.5090039678813877
TEST_0775,0.458433032299215
TEST_0776,0.6799999999999999
TEST_0777,0.38099999999999995
TEST_0778,0.48632168032233103
TEST_0779,0.464030691752518
TEST_0780,0.3745931369480829
TEST_0781,0.4888338179919931
TEST_0782,0.4820133867857269
TEST_0783,0.49334179343691076
TEST_0784,0.4560700471328652
TEST_0785,0.8596508843985753
TEST_0786,0.26467700669011757
TEST_0787,0.6799999999999999
TEST_0788,0.5178954254384989
TEST_0789,0.48609683149861227
TEST_0790,0.573
TEST_0791,0.41699999999999987
TEST_0792,0.5347663536534495
TEST_0793,0.5567800176991645
TEST_0794,0.4809999999999999
TEST_0795,0.5270233651526551
TEST_0796,0.49763255009252383
TEST_0797,0.593
TEST_0798,0.4389999999999999
TEST_0799,0.2387519904168019
TEST_0800,0.48999999999999994
TEST_0801,0.4889117730170829
TEST_0802,0.4804764714516846
TEST_0803,0.4320805371087379
TEST_0804,0.6364180956744557
TEST_0805,0.139
TEST_0806,0.697
TEST_0807,0.8908333784321855
TEST_0808,0.5151545523343375
TEST_0809,0.49082478918812644
TEST_0810,0.779
TEST_0811,0.4797524113515805
TEST_0812,0.43639802042123144
TEST_0813,0.706
TEST_0814,0.6879999999999998
TEST_0815,0.1737838006662286
TEST_0816,0.49099999999999994
TEST_0817,0.9219999999999999
TEST_0818,0.8965733003230626
TEST_0819,0.718
TEST_0820,0.4147716458280409
TEST_0821,0.4826291004680287
TEST_0822,0.45171847363635154
TEST_0823,0.5131254914935647
TEST_0824,0.4843996844136397
TEST_0825,0.8023246085147495
TEST_0826,0.49103216993768056
TEST_0827,0.620790515761493
TEST_0828,0.587
TEST_0829,0.49950232734333205
TEST_0830,0.15399999999999997
TEST_0831,0.8449999999999999
TEST_0832,0.25662862920092205
TEST_0833,0.5185626852362007
TEST_0834,0.18195972524479526
TEST_0835,0.49605623940283305
TEST_0836,0.49899999999999994
TEST_0837,0.5901666000486328
TEST_0838,0.067
TEST_0839,0.4099999999999999
TEST_0840,0.48938697294020755
TEST_0841,0.41923904432531456
TEST_0842,0.7869999999999998
TEST_0843,0.28300000000000003
TEST_0844,0.4871297837466795
TEST_0845,0.535
TEST_0846,0.5054717219489059
TEST_0847,0.48799999999999993
TEST_0848,0.1507095306513415
TEST_0849,0.3962869342729323
TEST_0850,0.38799999999999996
TEST_0851,0.7497280275018252
TEST_0852,0.8372350397237018
TEST_0853,0.3995221857795762
TEST_0854,0.4893059510503885
TEST_0855,0.44903213849143914
TEST_0856,0.47796409500901216
TEST_0857,0.6500000000000001
TEST_0858,0.33802641482466844
TEST_0859,0.49422047988683443
TEST_0860,0.5071274121560089
TEST_0861,0.535
TEST_0862,0.7607507079140114
TEST_0863,0.47149168809936864
TEST_0864,0.8377349333263264
TEST_0865,0.49628242772460573
TEST_0866,0.43981057445538924
TEST_0867,0.46367355482846434
TEST_0868,0.48972549338535226
TEST_0869,0.488108250880911
TEST_0870,0.5183832656325456
TEST_0871,0.7879999999999997
TEST_0872,0.47620945075616106
TEST_0873,0.3631901228930013
TEST_0874,0.511855790674999
TEST_0875,0.4514267429658973
TEST_0876,0.5273908989910224
TEST_0877,0.28600000000000003
TEST_0878,0.48808644493915415
TEST_0879,0.4659826684685422
TEST_0880,0.4832692894446648
TEST_0881,0.6220000000000001
TEST_0882,0.5814676600746072
TEST_0883,0.10600000000000004
TEST_0884,0.10651478972286503
TEST_0885,0.19300000000000006
TEST_0886,0.795721655071669
TEST_0887,0.4699999999999999
TEST_0888,0.05800000000000001
TEST_0889,0.4559999999999999
TEST_0890,0.48799999999999993
TEST_0891,0.084
TEST_0892,0.28300000000000003
TEST_0893,0.697
TEST_0894,0.507
TEST_0895,0.5845368459049263
TEST_0896,0.5090494079581093
TEST_0897,0.5152212782461902
TEST_0898,0.7449999999999999
TEST_0899,0.6789999999999999
TEST_0900,0.4809999999999999
TEST_0901,0.7609999999999999
TEST_0902,0.541
TEST_0903,0.47565086415852276
TEST_0904,0.49391086393194844
TEST_0905,0.4973173586351575
TEST_0906,0.5920671053918523
TEST_0907,0.715
TEST_0908,0.7829999999999998
TEST_0909,0.8100713426698677
TEST_0910,0.43282433034984985
TEST_0911,0.193
TEST_0912,0.4573052718338517
TEST_0913,0.7059999999999998
TEST_0914,0.10500000000000004
TEST_0915,0.526
TEST_0916,0.5190935685630884
TEST_0917,0.4691880852281933
TEST_0918,0.47201981099597534
TEST_0919,0.4912394111158521
TEST_0920,0.5560176351873424
TEST_0921,0.5622913267650591
TEST_0922,0.7453169096854284
TEST_0923,0.5347446225351795
TEST_0924,0.46202723181093497
TEST_0925,0.4599999999999999
TEST_0926,0.7371925144855261
TEST_0927,0.5250263449460919
TEST_0928,0.545
TEST_0929,0.4789695670096198
TEST_0930,0.3939999999999999
TEST_0931,0.49033927328756854
TEST_0932,0.43247401508902167
TEST_0933,0.5091180819878847
TEST_0934,0.5055648557969881
TEST_0935,0.41799999999999987
TEST_0936,0.24499999999999997
TEST_0937,0.4885487039900185
TEST_0938,0.157478920501826
TEST_0939,0.516058099846065
TEST_0940,0.541
TEST_0941,0.7320662556698279
TEST_0942,0.537457939078276
TEST_0943,0.4903504193572674
TEST_0944,0.33292239867333506
TEST_0945,0.9199999999999999
TEST_0946,0.5179322664892477
TEST_0947,0.42019113284055754
TEST_0948,0.5730000000000001
TEST_0949,0.9069999999999999
TEST_0950,0.831315737819248
TEST_0951,0.48214837862150606
TEST_0952,0.07400000000000001
TEST_0953,0.7434495477330104
TEST_0954,0.5203614561984116
TEST_0955,0.38199999999999995
TEST_0956,0.30090520483589855
TEST_0957,0.4799999999999999
TEST_0958,0.41357317469200866
TEST_0959,0.48608025236974844
TEST_0960,0.4972244540671028
TEST_0961,0.4545112699866611
TEST_0962,0.49395324891211845
TEST_0963,0.4807509572642788
TEST_0964,0.5700000000000001
TEST_0965,0.4155534774347987
TEST_0966,0.26399999999999996
TEST_0967,0.8479205330949549
TEST_0968,0.944
TEST_0969,0.48620703217313344
TEST_0970,0.40099999999999997
TEST_0971,0.4883336394775105
TEST_0972,0.45200581138187534
TEST_0973,0.30800000000000005
TEST_0974,0.5383553015554401
TEST_0975,0.4731810036627184
TEST_0976,0.48699999999999993
TEST_0977,0.7929914318406177
TEST_0978,0.4289999999999999
TEST_0979,0.49103243291572085
TEST_0980,0.4239999999999999
TEST_0981,0.21199999999999997
TEST_0982,0.488329961518342
TEST_0983,0.4898988395464458
TEST_0984,0.4694948724216349
TEST_0985,0.8669933353164833
TEST_0986,0.5658892726195457
TEST_0987,0.255
TEST_0988,0.6159665840086372
TEST_0989,0.4879483387354932
TEST_0990,0.5920000000000001
TEST_0991,0.483526079260296
TEST_0992,0.48850156698631125
TEST_0993,0.501
TEST_0994,0.23933379292276766
TEST_0995,0.35116989625636225
TEST_0996,0.2396417294977009
TEST_0997,0.2758615627301733
TEST_0998,0.495158854574111
TEST_0999,0.4781684558442079
TEST_1000,0.49228569283900814
TEST_1001,0.531520813030168
TEST_1002,0.20200000000000007
TEST_1003,0.11135559731102604
TEST_1004,0.4529999999999999
TEST_1005,0.42385825735547833
TEST_1006,0.17582218085200474
TEST_1007,0.36151511191119895
TEST_1008,0.48719029259105934
TEST_1009,0.34475731644171226
TEST_1010,0.22234127876180435
TEST_1011,0.5307234200300481
TEST_1012,0.48799999999999993
TEST_1013,0.5247683582047313
TEST_1014,0.5199779785544794
TEST_1015,0.49899999999999994
TEST_1016,0.48059395658077403
TEST_1017,0.49099999999999994
TEST_1018,0.48299999999999993
TEST_1019,0.4729999999999999
TEST_1020,0.505307337781191
TEST_1021,0.36399999999999993
TEST_1022,0.40599932853269505
TEST_1023,0.46621871955964284
TEST_1024,0.598743835572652
TEST_1025,0.49101328679031775
TEST_1026,0.7149999999999999
TEST_1027,0.8017145348255876
TEST_1028,0.6859999999999999
TEST_1029,0.5240070019849764
TEST_1030,0.4949396629496317
TEST_1031,0.4779390225140642
TEST_1032,0.8677578319605443
TEST_1033,0.7579090265961707
TEST_1034,0.5609665725232511
TEST_1035,0.48799999999999993
TEST_1036,0.7207428877042733
TEST_1037,0.525
TEST_1038,0.48299999999999993
TEST_1039,0.509
TEST_1040,0.5256449005660195
TEST_1041,0.4933257864602486
TEST_1042,0.4799999999999999
TEST_1043,0.17099999999999999
TEST_1044,0.48950041719983706
TEST_1045,0.503584215907406
TEST_1046,0.3358586541337495
TEST_1047,0.507
TEST_1048,0.3983931525730395
TEST_1049,0.5197157587866574
TEST_1050,0.49499872691840974
TEST_1051,0.47532240806207543
TEST_1052,0.39114289792878976
TEST_1053,0.8709999999999999
TEST_1054,0.18800000000000006
TEST_1055,0.4689999999999999
TEST_1056,0.28300000000000003
TEST_1057,0.48977832106539876
TEST_1058,0.6715357265516477
TEST_1059,0.5214157333766967
TEST_1060,0.29200000000000004
TEST_1061,0.5980000000000001
TEST_1062,0.4967867168105149
TEST_1063,0.4713998878684808
TEST_1064,0.4879166379620807
TEST_1065,0.47645146026493596
TEST_1066,0.52
TEST_1067,0.5710000000000001
TEST_1068,0.493923535197201
TEST_1069,0.043
TEST_1070,0.4374128548479106
TEST_1071,0.18800000000000006
TEST_1072,0.48199999999999993
TEST_1073,0.8230193921378706
TEST_1074,0.716
TEST_1075,0.8039999999999998
TEST_1076,0.4890698217869876
TEST_1077,0.12929942436235659
TEST_1078,0.4706503548804452
TEST_1079,0.8409999999999999
TEST_1080,0.5130452454749258
TEST_1081,0.534
TEST_1082,0.48202096366203334
TEST_1083,0.4836218883078927
TEST_1084,0.4513944821346009
TEST_1085,0.48399999999999993
TEST_1086,0.536
TEST_1087,0.5149316714856146
TEST_1088,0.4878196394956743
TEST_1089,0.8759999999999999
TEST_1090,0.49999999999999994
TEST_1091,0.12645599547833491
TEST_1092,0.4950615492741755
TEST_1093,0.5043402369601012
TEST_1094,0.48899999999999993
TEST_1095,0.6679999999999999
TEST_1096,0.4541628512213711
TEST_1097,0.6853803938538946
TEST_1098,0.19275331772521742
TEST_1099,0.7831594382231322
TEST_1100,0.556
TEST_1101,0.535
TEST_1102,0.5217683134140315
TEST_1103,0.3763955643800375
TEST_1104,0.4769521982201434
TEST_1105,0.5280177323459999
TEST_1106,0.570476436477932
TEST_1107,0.503
TEST_1108,0.10300000000000004
TEST_1109,0.1990309114693325
TEST_1110,0.4839928970629637
TEST_1111,0.09500000000000003
TEST_1112,0.48799999999999993
TEST_1113,0.4873083589176043
TEST_1114,0.4666715014501822
TEST_1115,0.15800000000000003
TEST_1116,0.2922484934639507
TEST_1117,0.19400000000000006
TEST_1118,0.19400000000000006
TEST_1119,0.529
TEST_1120,0.49099999999999994
TEST_1121,0.16830923966408684
TEST_1122,0.5084974342253188
TEST_1123,0.48299999999999993
TEST_1124,0.48988496756250666
TEST_1125,0.47162578428194635
TEST_1126,0.939
TEST_1127,0.49899999999999994
TEST_1128,0.4889313764350035
TEST_1129,0.46438112644126667
TEST_1130,0.4809999999999999
TEST_1131,0.17423624670003385
TEST_1132,0.4883341813110659
TEST_1133,0.48299999999999993
TEST_1134,0.48199999999999993
TEST_1135,0.8559999999999998
TEST_1136,0.07600000000000001
TEST_1137,0.5743247564139293
TEST_1138,0.15939996555083244
TEST_1139,0.28400000000000003
TEST_1140,0.4560004466605807
TEST_1141,0.4818806257334931
TEST_1142,0.48799999999999993
TEST_1143,0.4791240312950045
TEST_1144,0.551
TEST_1145,0.20200000000000007
TEST_1146,0.8138926255141283
TEST_1147,0.53458405087606
TEST_1148,0.49533940924980574
TEST_1149,0.48699999999999993
TEST_1150,0.689
TEST_1151,0.48857973365689655
TEST_1152,0.41099999999999987
TEST_1153,0.45830311084167097
TEST_1154,0.4797548304948397
TEST_1155,0.29900000000000004
TEST_1156,0.49099999999999994
TEST_1157,0.48008723140494236
TEST_1158,0.6809999999999998
TEST_1159,0.48124481243725575
TEST_1160,0.546
TEST_1161,0.595
TEST_1162,0.19300000000000006
TEST_1163,0.8499999999999999
TEST_1164,0.3678743864365365
TEST_1165,0.41355821168966
TEST_1166,0.25499999999999995
TEST_1167,0.6769999999999998
TEST_1168,0.48913974678402666
TEST_1169,0.537
TEST_1170,0.717
TEST_1171,0.1428318857674088
TEST_1172,0.5441283412342816
TEST_1173,0.20100000000000007
TEST_1174,0.614
TEST_1175,0.51218886815994
TEST_1176,0.25799999999999995
TEST_1177,0.3868589103831194
TEST_1178,0.4890739106792851
TEST_1179,0.24699999999999994
TEST_1180,0.23095045014865032
TEST_1181,0.7839999999999997
TEST_1182,0.47115695350906894
TEST_1183,0.507
TEST_1184,0.4809999999999999
TEST_1185,0.23967586934930885
TEST_1186,0.4689294442524029
TEST_1187,0.4818229408563176
TEST_1188,0.48199999999999993
TEST_1189,0.5699999999999998
TEST_1190,0.4736221092488675
TEST_1191,0.47526348685616665
TEST_1192,0.37699999999999995
TEST_1193,0.4499999999999999
TEST_1194,0.183
TEST_1195,0.34600000000000003
TEST_1196,0.7609999999999999
TEST_1197,0.538
TEST_1198,0.19100000000000006
TEST_1199,0.35478508752241245
TEST_1200,0.4700326591877972
TEST_1201,0.4199999999999999
TEST_1202,0.45804825022550594
TEST_1203,0.10309591023551742
TEST_1204,0.30600000000000005
TEST_1205,0.32100000000000006
TEST_1206,0.5014057296079589
TEST_1207,0.9385284453315378
TEST_1208,0.1921806746696219
TEST_1209,0.46373989608118915
TEST_1210,0.4578197238345497
TEST_1211,0.49711424088164796
TEST_1212,0.49799999999999994
TEST_1213,0.069
TEST_1214,0.51
TEST_1215,0.4799999999999999
TEST_1216,0.8669999999999999
TEST_1217,0.5172518480847779
TEST_1218,0.4749999999999999
TEST_1219,0.39788286751618296
TEST_1220,0.4851546226197388
TEST_1221,0.4349999999999999
TEST_1222,0.4710403335527425
TEST_1223,0.5008144501758646
TEST_1224,0.7689999999999999
TEST_1225,0.5429331233777338
TEST_1226,0.3138293947871603
TEST_1227,0.5426609026956594
TEST_1228,0.4894257908732193
TEST_1229,0.7623766821894862
TEST_1230,0.7869999999999998
TEST_1231,0.4829454722598349
TEST_1232,0.4716794976998255
TEST_1233,0.4863376368968274
TEST_1234,0.39624323029147146
TEST_1235,0.4631639443430596
TEST_1236,0.319
TEST_1237,0.5057529863896069
TEST_1238,0.32900000000000007
TEST_1239,0.706
TEST_1240,0.4739341999568631
TEST_1241,0.4539999999999999
TEST_1242,0.9309999999999999
TEST_1243,0.4901572945234795
TEST_1244,0.6679999999999998
TEST_1245,0.48473567626370406
TEST_1246,0.29577521265838097
TEST_1247,0.364042590770509
TEST_1248,0.6809999999999999
TEST_1249,0.4433722788829222
TEST_1250,0.47200766760001406
TEST_1251,0.45091928061941355
TEST_1252,0.4935957041319881
TEST_1253,0.48807668271900956
TEST_1254,0.53
TEST_1255,0.4809999999999999
TEST_1256,0.535
TEST_1257,0.485853413407946
TEST_1258,0.16900000000000004
TEST_1259,0.4629999999999999
TEST_1260,0.551
TEST_1261,0.5201574200172487
TEST_1262,0.48424805658842224
TEST_1263,0.5256761095077511
TEST_1264,0.4293718382683774
TEST_1265,0.4910268783413865
TEST_1266,0.4791753397158179
TEST_1267,0.6260000000000001
TEST_1268,0.3759999999999999
TEST_1269,0.7183561289314044
TEST_1270,0.4629999999999999
TEST_1271,0.083
TEST_1272,0.4908480767680861
TEST_1273,0.4972377633813272
TEST_1274,0.494664335663039
TEST_1275,0.5034806579194966
TEST_1276,0.2705771853052336
TEST_1277,0.44236177881117933
TEST_1278,0.49099999999999994
TEST_1279,0.5158290706037321
TEST_1280,0.41087581970772336
TEST_1281,0.5287225430692848
TEST_1282,0.17332671311000222
TEST_1283,0.18500000000000005
TEST_1284,0.4702021946709789
TEST_1285,0.5215787130325031
TEST_1286,0.4953140202448386
TEST_1287,0.7429999999999999
TEST_1288,0.06999999999999999
TEST_1289,0.4639999999999999
TEST_1290,0.4659999999999999
TEST_1291,0.5680000000000001
TEST_1292,0.39099999999999996
TEST_1293,0.518
TEST_1294,0.49298448580147086
TEST_1295,0.48355749298340445
TEST_1296,0.48414392162488556
TEST_1297,0.4369999999999999
TEST_1298,0.6668320801921519
TEST_1299,0.723
TEST_1300,0.10418797350538866
TEST_1301,0.4884554789214194
TEST_1302,0.641
TEST_1303,0.7859999999999998
TEST_1304,0.5037613181977607
TEST_1305,0.4709999999999999
TEST_1306,0.48563557807689345
TEST_1307,0.526027280403709
TEST_1308,0.641
TEST_1309,0.8929175188309151
TEST_1310,0.5490023920863937
TEST_1311,0.48299999999999993
TEST_1312,0.49099999999999994
TEST_1313,0.48391296151254587
TEST_1314,0.8462053222876215
TEST_1315,0.30999999999999994
TEST_1316,0.5053407849117733
TEST_1317,0.579
TEST_1318,0.5239760504980552
TEST_1319,0.5312265565349459
TEST_1320,0.48899999999999993
TEST_1321,0.5660000000000001
TEST_1322,0.23110910036418042
TEST_1323,0.186
TEST_1324,0.40199999999999997
TEST_1325,0.4609878959123194
TEST_1326,0.35438725223207757
TEST_1327,0.4918969793918669
TEST_1328,0.544
TEST_1329,0.5525509317895411
TEST_1330,0.9069547306586443
TEST_1331,0.48035392605682525
TEST_1332,0.48100090692810826
TEST_1333,0.8849999999999998
TEST_1334,0.07900000000000001
TEST_1335,0.6859999999999999
TEST_1336,0.48527191443496676
TEST_1337,0.48028802513978336
TEST_1338,0.5068001800375479
TEST_1339,0.7859999999999997
TEST_1340,0.49634495264731876
TEST_1341,0.4529999999999999
TEST_1342,0.4886176890163406
TEST_1343,0.48076428175597985
TEST_1344,0.4782727839639174
TEST_1345,0.4279514665256318
TEST_1346,0.8424114265444137
TEST_1347,0.48625992551825414
TEST_1348,0.4709999999999999
TEST_1349,0.49501204576238034
TEST_1350,0.275
TEST_1351,0.4809999999999999
TEST_1352,0.5685666527630173
TEST_1353,0.505
TEST_1354,0.9428685384847457
TEST_1355,0.704
TEST_1356,0.7917815305353791
TEST_1357,0.44399816672022396
TEST_1358,0.7789999999999999
TEST_1359,0.617
TEST_1360,0.48713976922227237
TEST_1361,0.4736400667831185
TEST_1362,0.468275936725851
TEST_1363,0.8839999999999999
TEST_1364,0.3550000000000001
TEST_1365,0.523
TEST_1366,0.4609999999999999
TEST_1367,0.573
TEST_1368,0.8159969979033362
TEST_1369,0.7545241126474989
TEST_1370,0.7409337781349064
TEST_1371,0.6869999999999999
TEST_1372,0.95
TEST_1373,0.579
TEST_1374,0.4710745939555258
TEST_1375,0.48699999999999993
TEST_1376,0.4923651989894057
TEST_1377,0.4727516480390738
TEST_1378,0.20287934401302873
TEST_1379,0.4823157884452661
TEST_1380,0.07400000000000001
TEST_1381,0.28
TEST_1382,0.6060000000000001
TEST_1383,0.18300000000000005
TEST_1384,0.3900276257753627
TEST_1385,0.47644396007490086
TEST_1386,0.12299999999999996
TEST_1387,0.31521035115722623
TEST_1388,0.14323767443432772
TEST_1389,0.4549999999999999
TEST_1390,0.4805485567759702
TEST_1391,0.31078073248623134
TEST_1392,0.543
TEST_1393,0.15300000000000002
TEST_1394,0.2183083408578382
TEST_1395,0.49599999999999994
TEST_1396,0.545
TEST_1397,0.4945006192608064
TEST_1398,0.8617991492749661
TEST_1399,0.5234077286731095
TEST_1400,0.7986400570647324
TEST_1401,0.49199999999999994
TEST_1402,0.3244059194222103
TEST_1403,0.16300000000000003
TEST_1404,0.9129999999999999
TEST_1405,0.7656256843827212
TEST_1406,0.696
TEST_1407,0.13299999999999998
TEST_1408,0.27501554863958994
TEST_1409,0.15600000000000003
TEST_1410,0.29200000000000004
TEST_1411,0.48565041110383156
TEST_1412,0.48152257341722926
TEST_1413,0.15415833351210761
TEST_1414,0.48860180365543054
TEST_1415,0.17600000000000005
TEST_1416,0.31000000000000005
TEST_1417,0.4729999999999999
TEST_1418,0.8419999999999999
TEST_1419,0.5323733492964937
TEST_1420,0.22599999999999998
TEST_1421,0.494613527797934
TEST_1422,0.6676039123560332
TEST_1423,0.21099999999999994
TEST_1424,0.8201941418300949
TEST_1425,0.48765578398476916
TEST_1426,0.208
TEST_1427,0.39008290710186544
TEST_1428,0.5009384692913293
TEST_1429,0.49699999999999994
TEST_1430,0.49217932768375927
TEST_1431,0.6010000000000001
TEST_1432,0.8810619612936194
TEST_1433,0.7352379054171585
TEST_1434,0.4549999999999999
TEST_1435,0.4690312815939141
TEST_1436,0.3451649743373986
TEST_1437,0.41699999999999987
TEST_1438,0.37304354337876183
TEST_1439,0.4883516633694848
TEST_1440,0.5260213253046708
TEST_1441,0.183
TEST_1442,0.49299999999999994
TEST_1443,0.5599999999999998
TEST_1444,0.48199999999999993
TEST_1445,0.4865643513433523
TEST_1446,0.7629999999999999
TEST_1447,0.4860187806606912
TEST_1448,0.46099999999999997
TEST_1449,0.6044414851918283
TEST_1450,0.454837180637559
TEST_1451,0.7889999999999998
TEST_1452,0.05500000000000001
TEST_1453,0.528
TEST_1454,0.4450875337794516
TEST_1455,0.514656822262352
TEST_1456,0.7739999999999999
TEST_1457,0.201
TEST_1458,0.4779999999999999
TEST_1459,0.46446912515983013
TEST_1460,0.3448596275709962
TEST_1461,0.8719999999999998
TEST_1462,0.518
TEST_1463,0.08613244691298434
TEST_1464,0.069
TEST_1465,0.4915895778744984
TEST_1466,0.941
TEST_1467,0.4539999999999999
TEST_1468,0.37899999999999995
TEST_1469,0.624391520333694
TEST_1470,0.339
TEST_1471,0.49986323990472675
TEST_1472,0.4529999999999999
TEST_1473,0.48699999999999993
TEST_1474,0.49799999999999994
TEST_1475,0.661
TEST_1476,0.48145405205438424
TEST_1477,0.48294273449636715
TEST_1478,0.49299999999999994
TEST_1479,0.48699999999999993
TEST_1480,0.7146454066838657
TEST_1481,0.734
TEST_1482,0.48699999999999993
TEST_1483,0.4976203375733707
TEST_1484,0.408
TEST_1485,0.3796621031636971
TEST_1486,0.4809999999999999
TEST_1487,0.4811665782466821
TEST_1488,0.4919545026736677
TEST_1489,0.4192202697899716
TEST_1490,0.4736766693673948
TEST_1491,0.12799999999999997
TEST_1492,0.47862853487111257
TEST_1493,0.4875573396241167
TEST_1494,0.8339999999999999
TEST_1495,0.692
TEST_1496,0.4629999999999999
TEST_1497,0.49699970362055795
TEST_1498,0.6480593078395398
TEST_1499,0.31500000000000006
TEST_1500,0.556359665927419
TEST_1501,0.4711459648314561
TEST_1502,0.30100000000000005
TEST_1503,0.5899049525420568
TEST_1504,0.7885334566860738
TEST_1505,0.47242415358833634
TEST_1506,0.4881823191471963
TEST_1507,0.701
TEST_1508,0.49428138934477733
TEST_1509,0.503
TEST_1510,0.8674746237329368
TEST_1511,0.7814618448933011
TEST_1512,0.724
TEST_1513,0.48790429331591784
TEST_1514,0.7439999999999999
TEST_1515,0.48299999999999993
TEST_1516,0.4709999999999999
TEST_1517,0.48799999999999993
TEST_1518,0.6463029942291925
TEST_1519,0.47049454119289047
TEST_1520,0.067
TEST_1521,0.5100178894126804
TEST_1522,0.4642910716179055
TEST_1523,0.8769999999999999
TEST_1524,0.7783245327529428
TEST_1525,0.5061488404776977
TEST_1526,0.48999999999999994
TEST_1527,0.31880049702357127
TEST_1528,0.6087968244290574
TEST_1529,0.4795840811042871
TEST_1530,0.40737524262684244
TEST_1531,0.4015156726506104
TEST_1532,0.49862147220018144
TEST_1533,0.4369999999999999
TEST_1534,0.3617850123331523
TEST_1535,0.5796115474893537
TEST_1536,0.49010349616981186
TEST_1537,0.4992615532410417
TEST_1538,0.47898534109169366
TEST_1539,0.42224421342708157
TEST_1540,0.6699999999999999
TEST_1541,0.509327833107873
TEST_1542,0.501
TEST_1543,0.938
TEST_1544,0.4639999999999999
TEST_1545,0.8929999999999999
TEST_1546,0.6743290971741296
TEST_1547,0.7347154599720367
TEST_1548,0.643
TEST_1549,0.10501049315462892
TEST_1550,0.4809999999999999
TEST_1551,0.48848722150085844
TEST_1552,0.5385165217344107
TEST_1553,0.847817791972701
TEST_1554,0.5426432407770784
TEST_1555,0.4699999999999999
TEST_1556,0.8239227232993607
TEST_1557,0.07700000000000001
TEST_1558,0.4517070912698089
TEST_1559,0.5010294247844977
TEST_1560,0.615
TEST_1561,0.41799999999999987
TEST_1562,0.48873868287918054
TEST_1563,0.5266111854865002
TEST_1564,0.8359999999999997
TEST_1565,0.49462603149526996
TEST_1566,0.2622079164495497
TEST_1567,0.4529999999999999
TEST_1568,0.3993555569594614
TEST_1569,0.274
TEST_1570,0.52
TEST_1571,0.4858653016719131
TEST_1572,0.5115533005185662
TEST_1573,0.48499999999999993
TEST_1574,0.48999999999999994
TEST_1575,0.45047118777834383
TEST_1576,0.16600000000000004
TEST_1577,0.5002374415465648
TEST_1578,0.5013123846721887
TEST_1579,0.5159126136713067
TEST_1580,0.46889814689106857
TEST_1581,0.4809999999999999
TEST_1582,0.06600000000000002
TEST_1583,0.3370000000000001
TEST_1584,0.508190339394309
TEST_1585,0.9040071323782045
TEST_1586,0.053309325660818814
TEST_1587,0.15500000000000003
TEST_1588,0.4903321577152666
TEST_1589,0.406736324441111
TEST_1590,0.12188975714336714
TEST_1591,0.11399999999999999
TEST_1592,0.5183989243612886
TEST_1593,0.12999999999999998
TEST_1594,0.48299999999999993
TEST_1595,0.706
TEST_1596,0.4805042851869049
TEST_1597,0.4917121546657367
TEST_1598,0.5276603121890928
TEST_1599,0.16000000000000003
TEST_1600,0.49273539485460244
TEST_1601,0.38199999999999995
TEST_1602,0.06800000000000002
TEST_1603,0.4769999999999999
TEST_1604,0.4769999999999999
TEST_1605,0.4891565015227757
TEST_1606,0.452690755305324
TEST_1607,0.532
TEST_1608,0.48845463802616695
TEST_1609,0.4840650865332515
TEST_1610,0.5150776735888756
TEST_1611,0.4773792853109454
TEST_1612,0.21399999999999997
TEST_1613,0.8606195452301221
TEST_1614,0.5124452962831335
TEST_1615,0.48899999999999993
TEST_1616,0.528
TEST_1617,0.4868805230819151
TEST_1618,0.4985680893275157
TEST_1619,0.4873209622873711
TEST_1620,0.7964112570826148
TEST_1621,0.49299999999999994
TEST_1622,0.4729999999999999
TEST_1623,0.4888012914850711
TEST_1624,0.22199999999999995
TEST_1625,0.51
TEST_1626,0.3944849391501788
TEST_1627,0.4713730016690919
TEST_1628,0.4716231571674964
TEST_1629,0.4349999999999999
TEST_1630,0.5533070680339058
TEST_1631,0.94
TEST_1632,0.4299999999999999
TEST_1633,0.503180534235067
TEST_1634,0.521
TEST_1635,0.4960808898318575
TEST_1636,0.6719999999999999
TEST_1637,0.45205221299741355
TEST_1638,0.4940559549623929
TEST_1639,0.48368025060130354
TEST_1640,0.49199999999999994
TEST_1641,0.5039329688337083
TEST_1642,0.6367293167793397
TEST_1643,0.4799999999999999
TEST_1644,0.48282550806025054
TEST_1645,0.1291370887195688
TEST_1646,0.4767171477783939
TEST_1647,0.4608288850513568
TEST_1648,0.36994068496331844
TEST_1649,0.4249999999999999
TEST_1650,0.544
TEST_1651,0.47445877553501026
TEST_1652,0.15100000000000002
TEST_1653,0.2538316973703989
TEST_1654,0.49140156562544546
TEST_1655,0.4876524549281031
TEST_1656,0.6230782982648002
TEST_1657,0.4719999999999999
TEST_1658,0.4729364928031134
TEST_1659,0.079
TEST_1660,0.49651219120415263
TEST_1661,0.4729999999999999
TEST_1662,0.4901080985274407
TEST_1663,0.4943873663088701
TEST_1664,0.4901306454440992
TEST_1665,0.47119735729280493
TEST_1666,0.48999999999999994
TEST_1667,0.51
TEST_1668,0.572472647920365
TEST_1669,0.4809999999999999
TEST_1670,0.4149999999999999
TEST_1671,0.49399999999999994
TEST_1672,0.8040817648386218
TEST_1673,0.532
TEST_1674,0.49090257198459714
TEST_1675,0.7159999999999999
TEST_1676,0.46906073619479216
TEST_1677,0.6118610259929309
TEST_1678,0.5628874551725602
TEST_1679,0.6949999999999998
TEST_1680,0.48999999999999994
TEST_1681,0.12071072807294292
TEST_1682,0.47829989308193616
TEST_1683,0.4789999999999999
TEST_1684,0.47329915150078283
TEST_1685,0.49152065169124187
TEST_1686,0.5971655502752683
TEST_1687,0.4549999999999999
TEST_1688,0.48699999999999993
TEST_1689,0.31
TEST_1690,0.5979999999999999
TEST_1691,0.3538564439695523
TEST_1692,0.052000000000000005
TEST_1693,0.4930686329538725
TEST_1694,0.48708955336824616
TEST_1695,0.281
TEST_1696,0.45245738659285406
TEST_1697,0.8849999999999999
TEST_1698,0.4888507027190895
TEST_1699,0.4809999999999999
TEST_1700,0.48690747048985344
TEST_1701,0.5880000000000001
TEST_1702,0.49899999999999994
TEST_1703,0.45874822626268247
TEST_1704,0.5720000000000001
TEST_1705,0.5370347393783637
TEST_1706,0.47143636706952224
TEST_1707,0.4919425662727123
TEST_1708,0.4897532953362236
TEST_1709,0.8958866227148741
TEST_1710,0.8643506134192717
TEST_1711,0.49699999999999994
TEST_1712,0.48770961359653464
TEST_1713,0.48100694798884736
TEST_1714,0.33051035713805743
TEST_1715,0.4493900538286983
TEST_1716,0.12817339102041544
TEST_1717,0.7939999999999998
TEST_1718,0.48199999999999993
TEST_1719,0.7
TEST_1720,0.4719999999999999
TEST_1721,0.4809999999999999
TEST_1722,0.46639343591883137
TEST_1723,0.541
TEST_1724,0.516
TEST_1725,0.5084316962760365
TEST_1726,0.23899999999999996
TEST_1727,0.21899999999999997
TEST_1728,0.4971870472847399
TEST_1729,0.49992193708923205
TEST_1730,0.189
TEST_1731,0.192
TEST_1732,0.551
TEST_1733,0.48379114956980623
TEST_1734,0.18400000000000005
TEST_1735,0.49099999999999994
TEST_1736,0.48999999999999994
TEST_1737,0.48199999999999993
TEST_1738,0.8132366901067088
TEST_1739,0.512
TEST_1740,0.49899999999999994
TEST_1741,0.3250129312759127
TEST_1742,0.7885211483793783
TEST_1743,0.4551607476461101
TEST_1744,0.2937388270351912
TEST_1745,0.46729432755106415
TEST_1746,0.3457325137629985
TEST_1747,0.48799999999999993
TEST_1748,0.546
TEST_1749,0.484899626012123
TEST_1750,0.691
TEST_1751,0.8305924345797542
TEST_1752,0.5159169988272396
TEST_1753,0.39299770707188464
TEST_1754,0.94
TEST_1755,0.6690473996374946
TEST_1756,0.08549738159798884
TEST_1757,0.4619999999999999
TEST_1758,0.5540123462577586
TEST_1759,0.651
TEST_1760,0.40837579444570965
TEST_1761,0.5226587129353989
TEST_1762,0.7439204679954297
TEST_1763,0.48699999999999993
TEST_1764,0.5071854559632422
TEST_1765,0.5529999999999999
TEST_1766,0.48899999999999993
TEST_1767,0.4772821234549171
TEST_1768,0.4860634951774115
TEST_1769,0.6819999999999999
TEST_1770,0.4717264559605252
TEST_1771,0.4739999999999999
TEST_1772,0.8999999999999999
TEST_1773,0.48799999999999993
TEST_1774,0.49099999999999994
TEST_1775,0.49286909820797287
TEST_1776,0.5140649221631318
TEST_1777,0.48199999999999993
TEST_1778,0.6440000000000001
TEST_1779,0.4888377468084921
TEST_1780,0.4349999999999999
TEST_1781,0.7329999999999999
TEST_1782,0.48999999999999994
TEST_1783,0.47308077252547104
TEST_1784,0.5027340028691624
TEST_1785,0.4599908911870252
TEST_1786,0.4781003521230462
TEST_1787,0.6819999999999999
TEST_1788,0.4840161852310881
TEST_1789,0.4962613716402378
TEST_1790,0.4744277640816518
TEST_1791,0.4379999999999999
TEST_1792,0.49931595051277344
TEST_1793,0.46980895912306325
TEST_1794,0.4651012411424695
TEST_1795,0.3014548764802865
TEST_1796,0.487749413488363
TEST_1797,0.4609999999999999
TEST_1798,0.5172692196027551
TEST_1799,0.4736121321136286
TEST_1800,0.4512190435107555
TEST_1801,0.536480038743282
TEST_1802,0.7509999999999999
TEST_1803,0.776684940223923
TEST_1804,0.48583243501653545
TEST_1805,0.49016886655013814
TEST_1806,0.36297535742957193
TEST_1807,0.15400000000000003
TEST_1808,0.9389999999999998
TEST_1809,0.543
TEST_1810,0.7689999999999999
TEST_1811,0.48299999999999993
TEST_1812,0.8313553379333097
TEST_1813,0.53
TEST_1814,0.547
TEST_1815,0.5029435457258806
TEST_1816,0.571
TEST_1817,0.47048148748033525
TEST_1818,0.31900000000000006
TEST_1819,0.4809999999999999
TEST_1820,0.633
TEST_1821,0.7319999999999999
TEST_1822,0.4946665664068567
TEST_1823,0.39099999999999996
TEST_1824,0.3989999999999999
TEST_1825,0.38299999999999995
TEST_1826,0.4276247528103269
TEST_1827,0.5188837203802438
TEST_1828,0.4649999999999999
TEST_1829,0.6957305643141751
TEST_1830,0.4629999999999999
TEST_1831,0.34800079051414523
TEST_1832,0.48699999999999993
TEST_1833,0.4816285581710829
TEST_1834,0.6497169613634436
TEST_1835,0.38199999999999995
TEST_1836,0.40594359095130517
TEST_1837,0.4964722662435413
TEST_1838,0.8259999999999997
TEST_1839,0.4529999999999999
TEST_1840,0.48166129914455924
TEST_1841,0.37299999999999994
TEST_1842,0.10200000000000004
TEST_1843,0.6280000000000001
TEST_1844,0.21899999999999994
TEST_1845,0.49054160113502915
TEST_1846,0.6969999999999998
TEST_1847,0.4729548682771412
TEST_1848,0.07000000000000002
TEST_1849,0.4684429180340351
TEST_1850,0.7749999999999998
TEST_1851,0.47336627416364346
TEST_1852,0.49683210636067665
TEST_1853,0.17600000000000005
TEST_1854,0.5134875829410864
TEST_1855,0.5177459725276754
TEST_1856,0.4709999999999999
TEST_1857,0.7331816124691197
TEST_1858,0.4659999999999999
TEST_1859,0.48899999999999993
TEST_1860,0.3371536434834883
TEST_1861,0.12401793743233683
TEST_1862,0.48799999999999993
TEST_1863,0.5894195455591389
TEST_1864,0.51720820082244
TEST_1865,0.5075360655112064
TEST_1866,0.535
TEST_1867,0.7015745777094017
TEST_1868,0.25526853930754906
TEST_1869,0.3460000000000001
TEST_1870,0.37099999999999994
TEST_1871,0.7190264863571467
TEST_1872,0.46461343235094654
TEST_1873,0.46132289204609134
TEST_1874,0.4835936374365081
TEST_1875,0.8414677385575917
TEST_1876,0.4349999999999999
TEST_1877,0.525
TEST_1878,0.31525626989536587
TEST_1879,0.4905170541862346
TEST_1880,0.581
TEST_1881,0.6689586472508777
TEST_1882,0.3829095366215908
TEST_1883,0.49008947706853906
TEST_1884,0.48805598648818943
TEST_1885,0.4809999999999999
TEST_1886,0.49202019700260274
TEST_1887,0.3674378922940893
TEST_1888,0.8929999999999998
TEST_1889,0.46883570552204573
TEST_1890,0.48601028334606555
TEST_1891,0.45188923846751333
TEST_1892,0.42072737669512295
TEST_1893,0.4842622413166948
TEST_1894,0.49990591405909457
TEST_1895,0.3237463467622319
TEST_1896,0.5350075833314282
TEST_1897,0.25899999999999995
TEST_1898,0.6040000000000001
TEST_1899,0.7859999999999998
TEST_1900,0.09300000000000003
TEST_1901,0.518
TEST_1902,0.731
TEST_1903,0.48199999999999993
TEST_1904,0.4867795791599998
TEST_1905,0.18000000000000005
TEST_1906,0.48365211770266053
TEST_1907,0.8949999999999999
TEST_1908,0.5880376159041212
TEST_1909,0.7596525649108867
TEST_1910,0.26
TEST_1911,0.22099999999999997
TEST_1912,0.491628023683739
TEST_1913,0.6640000000000001
TEST_1914,0.8429999999999999
TEST_1915,0.37199999999999994
TEST_1916,0.55
TEST_1917,0.06750037207682405
TEST_1918,0.49099999999999994
TEST_1919,0.48699999999999993
TEST_1920,0.726
TEST_1921,0.4886672113678063
TEST_1922,0.408
TEST_1923,0.48413563608579496
TEST_1924,0.48767581794526205
TEST_1925,0.525905864910356
TEST_1926,0.17400000000000004
TEST_1927,0.475855489435848
TEST_1928,0.45275906969068397
TEST_1929,0.6764806185974404
TEST_1930,0.526
TEST_1931,0.4089999999999999
TEST_1932,0.15700000000000003
TEST_1933,0.5880000000000001
TEST_1934,0.16500000000000004
TEST_1935,0.4956228696164836
TEST_1936,0.4559999999999999
TEST_1937,0.8229999999999998
TEST_1938,0.6729999999999999
TEST_1939,0.5940519233893216
TEST_1940,0.4085225517898049
TEST_1941,0.5788546358111455
TEST_1942,0.4719999999999999
TEST_1943,0.49594294846642817
TEST_1944,0.4899323462843498
TEST_1945,0.4384282904596727
TEST_1946,0.4739999999999999
TEST_1947,0.5038802885809486
TEST_1948,0.4225078105491345
TEST_1949,0.497140785771657
TEST_1950,0.6789999999999999
TEST_1951,0.511252709131776
TEST_1952,0.4765932778788496
TEST_1953,0.533
TEST_1954,0.47228965039041926
TEST_1955,0.4699999999999999
TEST_1956,0.8169999999999998
TEST_1957,0.4958044942846582
TEST_1958,0.49744933988727535
TEST_1959,0.49944331538588377
TEST_1960,0.4689999999999999
TEST_1961,0.4277047234281712
TEST_1962,0.5040684381645927
TEST_1963,0.539224014395637
TEST_1964,0.4878093021466013
TEST_1965,0.40499999999999997
TEST_1966,0.5598045736055064
TEST_1967,0.4830613800799893
TEST_1968,0.36594579735007504
TEST_1969,0.5722492082013204
TEST_1970,0.4799999999999999
TEST_1971,0.39999999999999997
TEST_1972,0.8229999999999998
TEST_1973,0.5170295373433825
TEST_1974,0.48899999999999993
TEST_1975,0.085
TEST_1976,0.27977519060110934
TEST_1977,0.48299999999999993
TEST_1978,0.7599999999999999
TEST_1979,0.48999999999999994
TEST_1980,0.15900000000000003
TEST_1981,0.07600000000000001
TEST_1982,0.8617801213211158
TEST_1983,0.12100000000000002
TEST_1984,0.261
TEST_1985,0.49299999999999994
TEST_1986,0.4606270293723143
TEST_1987,0.581
TEST_1988,0.4809999999999999
TEST_1989,0.4835652689727003
TEST_1990,0.48899999999999993
TEST_1991,0.5251867124259605
TEST_1992,0.4863659461153195
TEST_1993,0.5494266431819297
TEST_1994,0.5172376531843904
TEST_1995,0.4709999999999999
TEST_1996,0.156
TEST_1997,0.364974364187931
TEST_1998,0.4604582084288775
TEST_1999,0.4359999999999999
TEST_2000,0.4769999999999999
TEST_2001,0.525
TEST_2002,0.688
TEST_2003,0.5027263207037399
TEST_2004,0.533
TEST_2005,0.3283275385900959
TEST_2006,0.48999999999999994
TEST_2007,0.5005769557707722
TEST_2008,0.522
TEST_2009,0.07900000000000001
TEST_2010,0.4563954383235072
TEST_2011,0.48504486786737205
TEST_2012,0.523272352004625
TEST_2013,0.274
TEST_2014,0.4608794106839507
TEST_2015,0.512
TEST_2016,0.4889459358237665
TEST_2017,0.3470000000000001
TEST_2018,0.4769999999999999
TEST_2019,0.5298298012779605
TEST_2020,0.4409999999999999
TEST_2021,0.47521264363190135
TEST_2022,0.4898501889226315
TEST_2023,0.057
TEST_2024,0.4885916710845765
TEST_2025,0.486850626213902
TEST_2026,0.48199999999999993
TEST_2027,0.3460000000000001
TEST_2028,0.5109584324074707
TEST_2029,0.4702729738042072
TEST_2030,0.196
TEST_2031,0.7369999999999999
TEST_2032,0.9299999999999999
TEST_2033,0.516
TEST_2034,0.48428217658020023
TEST_2035,0.4363668615461246
TEST_2036,0.954
TEST_2037,0.43861293112194844
TEST_2038,0.46424112378934274
TEST_2039,0.47412762265061653
TEST_2040,0.5679999999999998
TEST_2041,0.8228251590789841
TEST_2042,0.7392025707635124
TEST_2043,0.506
TEST_2044,0.43422562135110804
TEST_2045,0.4589638233970293
TEST_2046,0.4811090068560111
TEST_2047,0.5336387092923676
TEST_2048,0.4249999999999999
TEST_2049,0.5034325793165599
TEST_2050,0.48235295461076
TEST_2051,0.45933241053718304
TEST_2052,0.4659621461536853
TEST_2053,0.4830553124139755
TEST_2054,0.6347777635576632
TEST_2055,0.3530000000000001
TEST_2056,0.42627762787514045
TEST_2057,0.11400000000000002
TEST_2058,0.517
TEST_2059,0.48902292711856166
TEST_2060,0.6299999999999999
TEST_2061,0.15699999999999997
TEST_2062,0.47825743278471233
TEST_2063,0.4841885191612328
TEST_2064,0.5979999999999999
TEST_2065,0.7769999999999999
TEST_2066,0.8669999999999999
TEST_2067,0.059000000000000004
TEST_2068,0.41799999999999987
TEST_2069,0.47416881294137403
TEST_2070,0.47292065823851004
TEST_2071,0.732
TEST_2072,0.3183580344888214
TEST_2073,0.4269999999999999
TEST_2074,0.1872751218675123
TEST_2075,0.518
TEST_2076,0.48635482536015995
TEST_2077,0.734
TEST_2078,0.486739903485638
TEST_2079,0.547
TEST_2080,0.30600000000000005
TEST_2081,0.17400000000000004
TEST_2082,0.5003440279014506
TEST_2083,0.69
TEST_2084,0.601
TEST_2085,0.48599999999999993
TEST_2086,0.7019999999999998
TEST_2087,0.7249999999999999
TEST_2088,0.43399999999999994
TEST_2089,0.48999999999999994
TEST_2090,0.4729999999999999
TEST_2091,0.49699999999999994
TEST_2092,0.11633541533205316
TEST_2093,0.47065547109209094
TEST_2094,0.4739999999999999
TEST_2095,0.4589999999999999
TEST_2096,0.28837363173711866
TEST_2097,0.8589999999999999
TEST_2098,0.549633717036022
TEST_2099,0.4869206696249845
TEST_2100,0.7689999999999999
TEST_2101,0.49574584690152546
TEST_2102,0.49045123988550193
TEST_2103,0.5001525891896976
TEST_2104,0.524151217744355
TEST_2105,0.4950160245006467
TEST_2106,0.30700000000000005
TEST_2107,0.4259999999999999
TEST_2108,0.4809999999999999
TEST_2109,0.07400000000000001
TEST_2110,0.36799999999999994
TEST_2111,0.481848894692704
TEST_2112,0.544
TEST_2113,0.4505477022876151
TEST_2114,0.4699999999999999
TEST_2115,0.4790860458620359
TEST_2116,0.49199999999999994
TEST_2117,0.475349948913389
TEST_2118,0.653
TEST_2119,0.48202116653942634
TEST_2120,0.4795234804897953
TEST_2121,0.7879999999999998
TEST_2122,0.41599999999999987
TEST_2123,0.4806124721183744
TEST_2124,0.5689761281012563
TEST_2125,0.5236209591437633
TEST_2126,0.15900000000000003
TEST_2127,0.4349628655122688
TEST_2128,0.6211628471767026
TEST_2129,0.521025931398307
TEST_2130,0.48982698345177617
TEST_2131,0.5150833988537652
TEST_2132,0.6929999999999998
TEST_2133,0.6902295530755769
TEST_2134,0.525
TEST_2135,0.08500000000000002
TEST_2136,0.526
TEST_2137,0.8456293250698511
TEST_2138,0.49496764862707393
TEST_2139,0.49160981308430707
TEST_2140,0.5383676324332548
TEST_2141,0.75
TEST_2142,0.4787864992913355
TEST_2143,0.9219999999999999
TEST_2144,0.48399999999999993
TEST_2145,0.4760135175711141
TEST_2146,0.48703925289041666
TEST_2147,0.6547671763083827
TEST_2148,0.48999999999999994
TEST_2149,0.48284674519595994
TEST_2150,0.9320227979191467
TEST_2151,0.6202316714475882
TEST_2152,0.8669999999999999
TEST_2153,0.5850465848951716
TEST_2154,0.08800000000000002
TEST_2155,0.48199999999999993
TEST_2156,0.5074938474243773
TEST_2157,0.5325225752376566
TEST_2158,0.6839999999999999
TEST_2159,0.48299999999999993
TEST_2160,0.4940431340616454
TEST_2161,0.39899999999999997
TEST_2162,0.22999999999999995
TEST_2163,0.553
TEST_2164,0.49999999999999994
TEST_2165,0.10360145710291886
TEST_2166,0.49252738979775773
TEST_2167,0.8509999999999999
TEST_2168,0.48799999999999993
TEST_2169,0.15699999999999997
TEST_2170,0.45295157231484473
TEST_2171,0.46981948420529634
TEST_2172,0.20999999999999994
TEST_2173,0.49899999999999994
TEST_2174,0.4609999999999999
TEST_2175,0.4581667750124928
TEST_2176,0.6539999999999999
TEST_2177,0.16900000000000004
TEST_2178,0.9439999999999998
TEST_2179,0.8826020620385304
TEST_2180,0.7419999999999999
TEST_2181,0.510374810220034
TEST_2182,0.41039170576440553
TEST_2183,0.449924153574942
TEST_2184,0.48199999999999993
TEST_2185,0.5284781328218864
TEST_2186,0.546
TEST_2187,0.48573872419508085
TEST_2188,0.5225580488158235
TEST_2189,0.7409999999999999
TEST_2190,0.20700000000000002
TEST_2191,0.645
TEST_2192,0.8900863208826397
TEST_2193,0.510039704970667
TEST_2194,0.162
TEST_2195,0.48871481291877766
TEST_2196,0.265
TEST_2197,0.4789999999999999
TEST_2198,0.8719999999999999
TEST_2199,0.48796350181278636
TEST_2200,0.9208191664320029
TEST_2201,0.7449999999999999
TEST_2202,0.46991481247838984
TEST_2203,0.4599999999999999
TEST_2204,0.48899999999999993
TEST_2205,0.7769999999999999
TEST_2206,0.49299999999999994
TEST_2207,0.43886715202106624
TEST_2208,0.4839608769820353
TEST_2209,0.5506718879724609
TEST_2210,0.49549912268072566
TEST_2211,0.155
TEST_2212,0.47319461889101927
TEST_2213,0.8009988535707491
TEST_2214,0.12400000000000005
TEST_2215,0.8537936809820705
TEST_2216,0.8454476722828126
TEST_2217,0.47666027005930356
TEST_2218,0.4729999999999999
TEST_2219,0.48098651244911267
TEST_2220,0.48199999999999993
TEST_2221,0.6519999999999999
TEST_2222,0.6699999999999999
TEST_2223,0.4809999999999999
TEST_2224,0.8589999999999999
TEST_2225,0.13
TEST_2226,0.11500000000000005
TEST_2227,0.1418861286278435
TEST_2228,0.46017339134907576
TEST_2229,0.47433359693160565
TEST_2230,0.48194465317383717
TEST_2231,0.611698545543212
TEST_2232,0.3480000000000001
TEST_2233,0.44253054929010827
TEST_2234,0.5457803236464646
TEST_2235,0.8617108124550562
TEST_2236,0.9139999999999999
TEST_2237,0.5837040115125531
TEST_2238,0.48199629692396795
TEST_2239,0.48799999999999993
TEST_2240,0.8409999999999999
TEST_2241,0.5200900630807994
TEST_2242,0.5618873285454391
TEST_2243,0.3149546197916124
TEST_2244,0.43437011684532756
TEST_2245,0.4569999999999999
TEST_2246,0.48199359123359686
TEST_2247,0.10300000000000004
TEST_2248,0.26399999999999996
TEST_2249,0.7489999999999999
TEST_2250,0.48414798592670727
TEST_2251,0.49399999999999994
TEST_2252,0.49416621781410186
TEST_2253,0.5021725646851373
TEST_2254,0.693
TEST_2255,0.7773704028405368
TEST_2256,0.3560000000000001
TEST_2257,0.5147041092514297
TEST_2258,0.7779999999999999
TEST_2259,0.25399999999999995
TEST_2260,0.5218126149505198
TEST_2261,0.48699999999999993
TEST_2262,0.4809999999999999
TEST_2263,0.48790681716683443
TEST_2264,0.4660204397625917
TEST_2265,0.4900889011820567
TEST_2266,0.693
TEST_2267,0.4541628512213711
TEST_2268,0.7415176988925228
TEST_2269,0.5792633218901673
TEST_2270,0.37399999999999994
TEST_2271,0.5376462786461766
TEST_2272,0.5810148114945184
TEST_2273,0.3790949277519199
TEST_2274,0.4549999999999999
TEST_2275,0.8629999999999999
TEST_2276,0.48542925902299505
TEST_2277,0.19300000000000006
TEST_2278,0.25599999999999995
TEST_2279,0.4816361868216184
TEST_2280,0.49028132571920124
TEST_2281,0.48799999999999993
TEST_2282,0.6432564549239108
TEST_2283,0.48899999999999993
TEST_2284,0.05800000000000001
TEST_2285,0.4814287387780574
TEST_2286,0.47372669213010415
TEST_2287,0.4807280692302461
TEST_2288,0.4942191078945844
TEST_2289,0.4859274979814483
TEST_2290,0.4707558422517933
TEST_2291,0.7678286585299103
TEST_2292,0.535
TEST_2293,0.20568358404977308
TEST_2294,0.32100000000000006
TEST_2295,0.9139999999999999
TEST_2296,0.11700000000000005
TEST_2297,0.6969999999999998
TEST_2298,0.8929999999999999
TEST_2299,0.48753427132256455
TEST_2300,0.25599999999999995
TEST_2301,0.9189999999999999
TEST_2302,0.643
TEST_2303,0.5179362969807475
TEST_2304,0.32704852420790476
TEST_2305,0.4499999999999999
TEST_2306,0.5433409823432365
TEST_2307,0.40099999999999997
TEST_2308,0.7237349185130635
TEST_2309,0.5399058698085887
TEST_2310,0.4984427143385061
TEST_2311,0.4609999999999999
TEST_2312,0.9229999999999999
TEST_2313,0.28300000000000003
TEST_2314,0.4935910342659039
TEST_2315,0.5084360366281998
TEST_2316,0.4763286351456302
TEST_2317,0.4357383960296254
TEST_2318,0.21199999999999997
TEST_2319,0.4791472334815011
TEST_2320,0.511
TEST_2321,0.47538893158268786
TEST_2322,0.4739999999999999
TEST_2323,0.39099999999999996
TEST_2324,0.8965527371782749
TEST_2325,0.37299999999999994
TEST_2326,0.4984098919381768
TEST_2327,0.49799999999999994
TEST_2328,0.4416276834397789
TEST_2329,0.4752087421476967
TEST_2330,0.49757008636736544
TEST_2331,0.37199999999999994
TEST_2332,0.6321623183969913
TEST_2333,0.7812407107053284
TEST_2334,0.6519999999999999
TEST_2335,0.5164855207068779
TEST_2336,0.7919999999999998
TEST_2337,0.23699999999999996
TEST_2338,0.5350036045810888
TEST_2339,0.193
TEST_2340,0.45097147344052385
TEST_2341,0.8589461539396782
TEST_2342,0.8412007819573261
TEST_2343,0.10612808261102136
TEST_2344,0.4920195082117754
TEST_2345,0.536
TEST_2346,0.5541358669296753
TEST_2347,0.43214447440610243
TEST_2348,0.13810316304835016
TEST_2349,0.4689999999999999
TEST_2350,0.4912126415357111
TEST_2351,0.526
TEST_2352,0.4384083787833433
TEST_2353,0.192709098430564
TEST_2354,0.49099999999999994
TEST_2355,0.713
TEST_2356,0.47118170224479666
TEST_2357,0.8379999999999999
TEST_2358,0.4974785946044303
TEST_2359,0.057
TEST_2360,0.41899999999999993
TEST_2361,0.057
TEST_2362,0.5208051085810996
TEST_2363,0.4729386128704197
TEST_2364,0.4617851560193155
TEST_2365,0.48510315021015704
TEST_2366,0.5080690929226852
TEST_2367,0.7859999999999998
TEST_2368,0.9163346262271778
TEST_2369,0.5028845099639974
TEST_2370,0.7369906668979045
TEST_2371,0.5337149840599457
TEST_2372,0.3970117557306708
TEST_2373,0.4719999999999999
TEST_2374,0.49899999999999994
TEST_2375,0.6859999999999999
TEST_2376,0.8759999999999999
TEST_2377,0.48723656326494186
TEST_2378,0.25499999999999995
TEST_2379,0.42153294851900197
TEST_2380,0.4689999999999999
TEST_2381,0.2236493864044166
TEST_2382,0.4343441384411537
TEST_2383,0.45940578757196604
TEST_2384,0.555
TEST_2385,0.10440125436549005
TEST_2386,0.29200000000000004
TEST_2387,0.5680000000000001
TEST_2388,0.4906701176351895
TEST_2389,0.5427889602793399
TEST_2390,0.5005206915777936
TEST_2391,0.48185165039181543
TEST_2392,0.4379781715085202
TEST_2393,0.49499999999999994
TEST_2394,0.48236252025637616
TEST_2395,0.5557753016778214
TEST_2396,0.532
TEST_2397,0.27492619386206696
TEST_2398,0.4742825484166104
TEST_2399,0.31500000000000006
TEST_2400,0.6479999999999999
TEST_2401,0.2548396683045239
TEST_2402,0.35253699831184493
TEST_2403,0.3410000000000001
TEST_2404,0.4769999999999999
TEST_2405,0.48729254162055685
TEST_2406,0.49899999999999994
TEST_2407,0.48799999999999993
TEST_2408,0.6635145191762835
TEST_2409,0.4359999999999999
TEST_2410,0.4250287678571956
TEST_2411,0.48799999999999993
TEST_2412,0.29700000000000004
TEST_2413,0.11042804853025001
TEST_2414,0.5104896805158671
TEST_2415,0.5760000000000001
TEST_2416,0.38299999999999995
TEST_2417,0.9129999999999999
TEST_2418,0.40599999999999997
TEST_2419,0.48199999999999993
TEST_2420,0.25599999999999995
TEST_2421,0.6380000000000001
TEST_2422,0.5060251513976171
TEST_2423,0.9229999999999999
TEST_2424,0.4509999999999999
TEST_2425,0.6272768616244928
TEST_2426,0.1326941798074419
TEST_2427,0.48267678813634557
TEST_2428,0.4927786817218822
TEST_2429,0.4883008497276652
TEST_2430,0.5042493814552969
TEST_2431,0.18400000000000005
TEST_2432,0.37399999999999994
TEST_2433,0.4824682147899086
TEST_2434,0.5799999999999998
TEST_2435,0.48900937554401647
TEST_2436,0.4049999999999999
TEST_2437,0.4742038579917972
TEST_2438,0.742
TEST_2439,0.4557845086371736
TEST_2440,0.6639908927934822
TEST_2441,0.5001961755905328
TEST_2442,0.23799999999999993
TEST_2443,0.4736639942861052
TEST_2444,0.502
TEST_2445,0.4069999999999999
TEST_2446,0.4924921227699022
TEST_2447,0.488548677530824
TEST_2448,0.48761153597447765
TEST_2449,0.8949999999999999
TEST_2450,0.29800000000000004
TEST_2451,0.516
TEST_2452,0.06799999999999999
TEST_2453,0.5285086865365274
TEST_2454,0.483159957466507
TEST_2455,0.47048148748033525
TEST_2456,0.4860221424084962
TEST_2457,0.273
TEST_2458,0.057
TEST_2459,0.5860000000000001
TEST_2460,0.49092998505584484
TEST_2461,0.556
TEST_2462,0.47820852858212715
TEST_2463,0.4347823574604639
TEST_2464,0.19200000000000006
TEST_2465,0.42917259582483486
TEST_2466,0.655
TEST_2467,0.48299999999999993
TEST_2468,0.19900000000000007
TEST_2469,0.4909377167561825
TEST_2470,0.48184902082110814
TEST_2471,0.49169059816722593
TEST_2472,0.4703315908024032
TEST_2473,0.9107219127316956
TEST_2474,0.6789999999999999
TEST_2475,0.49092998505584484
TEST_2476,0.713
TEST_2477,0.6955586315789439
TEST_2478,0.4307039138852324
TEST_2479,0.7319999999999999
TEST_2480,0.1931985381073399
TEST_2481,0.4379999999999999
TEST_2482,0.48899999999999993
TEST_2483,0.4820280730365365
TEST_2484,0.5707028406676089
TEST_2485,0.652
TEST_2486,0.4943889498812227
TEST_2487,0.095
TEST_2488,0.743099951570038
TEST_2489,0.665
TEST_2490,0.4910023589394103
TEST_2491,0.14232602833416821
TEST_2492,0.48999999999999994
TEST_2493,0.7159999999999999
TEST_2494,0.6519378091873299
TEST_2495,0.48313480691922095
TEST_2496,0.8259999999999998
TEST_2497,0.4908603435578817
TEST_2498,0.48999999999999994
TEST_2499,0.500388733827588
TEST_2500,0.5057982711913803
TEST_2501,0.7779999999999999
TEST_2502,0.8878074028702955
TEST_2503,0.49099999999999994
TEST_2504,0.48799999999999993
TEST_2505,0.8371561877411141
TEST_2506,0.5274391174298956
TEST_2507,0.09209675120132592
TEST_2508,0.4806573997768809
TEST_2509,0.7470808561764315
TEST_2510,0.486603083927641
TEST_2511,0.263351929732679
TEST_2512,0.39900994401140966
TEST_2513,0.5208242196241716
TEST_2514,0.49419816903644315
TEST_2515,0.53
TEST_2516,0.49172207043222654
TEST_2517,0.4499999999999999
TEST_2518,0.6799999999999999
TEST_2519,0.577
TEST_2520,0.43082797637206716
TEST_2521,0.6629999999999998
TEST_2522,0.5532079382507615
TEST_2523,0.8938296753898192
TEST_2524,0.4689999999999999
TEST_2525,0.6127803862765882
TEST_2526,0.19011114788602756
TEST_2527,0.4953100380852422
TEST_2528,0.10603369747592002
TEST_2529,0.595
TEST_2530,0.6061616188639252
TEST_2531,0.48810795482995356
TEST_2532,0.48899999999999993
TEST_2533,0.7158599806410256
TEST_2534,0.48038882499861785
TEST_2535,0.4677727410539604
TEST_2536,0.5229425687868741
TEST_2537,0.573
TEST_2538,0.12999999999999998
TEST_2539,0.49562863738226187
TEST_2540,0.571
TEST_2541,0.9029999999999999
TEST_2542,0.49758714962236134
TEST_2543,0.275
TEST_2544,0.46490402192695945
TEST_2545,0.49474418981510054
TEST_2546,0.4449999999999999
TEST_2547,0.7229999999999999
TEST_2548,0.6754526850735969
TEST_2549,0.4661394082261717
TEST_2550,0.39999999999999997
TEST_2551,0.3884236398794918
TEST_2552,0.49018595150329164
TEST_2553,0.508
TEST_2554,0.348
TEST_2555,0.44948190164566926
TEST_2556,0.4729999999999999
TEST_2557,0.8482325765189224
TEST_2558,0.941
TEST_2559,0.47802364383576335
TEST_2560,0.3094471063143144
TEST_2561,0.5245611561871593
TEST_2562,0.271
TEST_2563,0.4799999999999999
TEST_2564,0.3709580866983516
TEST_2565,0.4729999999999999
TEST_2566,0.4709999999999999
TEST_2567,0.715
TEST_2568,0.49999999999999994
TEST_2569,0.4844998975314275
TEST_2570,0.4930462128742983
TEST_2571,0.27964134549386155
TEST_2572,0.36030671010246
TEST_2573,0.4885577821065833
TEST_2574,0.4789999999999999
TEST_2575,0.5076737860955517
TEST_2576,0.1128992384411763
TEST_2577,0.40070365826251053
TEST_2578,0.3819999999999999
TEST_2579,0.5201103122805973
TEST_2580,0.5371525071860636
TEST_2581,0.4799999999999999
TEST_2582,0.48719586245025953
TEST_2583,0.48632627175320153
TEST_2584,0.16600000000000004
TEST_2585,0.08829378342220409
TEST_2586,0.39401574087060914
TEST_2587,0.48788289980881494
TEST_2588,0.4559999999999999
TEST_2589,0.39899999999999997
TEST_2590,0.8630340426266428
TEST_2591,0.10300000000000002
TEST_2592,0.2551872428421863
TEST_2593,0.3530995544634229
TEST_2594,0.281340375581445
TEST_2595,0.40233316735195673
TEST_2596,0.4582951540069686
TEST_2597,0.9129999999999999
TEST_2598,0.48199999999999993
TEST_2599,0.4075859230167224
TEST_2600,0.4910427701784682
TEST_2601,0.4932255572873744
TEST_2602,0.6439999999999999
TEST_2603,0.48235794501962026
TEST_2604,0.5191180287138472
TEST_2605,0.5467210101290098
TEST_2606,0.5880000000000001
TEST_2607,0.517
TEST_2608,0.4908542764584907
TEST_2609,0.38459259306170074
TEST_2610,0.503
TEST_2611,0.530708165820384
TEST_2612,0.48735494540819296
TEST_2613,0.46060505694453807
TEST_2614,0.5529638197152699
TEST_2615,0.4792675189878025
TEST_2616,0.47231958978411515
TEST_2617,0.4349999999999999
TEST_2618,0.46210165334901576
TEST_2619,0.7789397005817016
TEST_2620,0.9309999999999999
TEST_2621,0.49420852484118016
TEST_2622,0.47232741459064737
TEST_2623,0.5077077955552183
TEST_2624,0.8749999999999999
TEST_2625,0.4315423371098975
TEST_2626,0.37199999999999994
TEST_2627,0.065
TEST_2628,0.4898185879587164
TEST_2629,0.938
TEST_2630,0.9069999999999999
TEST_2631,0.1300768939569309
TEST_2632,0.6739999999999998
TEST_2633,0.49982248367462356
TEST_2634,0.51
TEST_2635,0.48899999999999993
TEST_2636,0.4803243260941895
TEST_2637,0.10126605642819286
TEST_2638,0.508
TEST_2639,0.47827582639005783
TEST_2640,0.337
TEST_2641,0.705
TEST_2642,0.4741088966849747
TEST_2643,0.9069999999999999
TEST_2644,0.5040624713043304
TEST_2645,0.508
TEST_2646,0.49099999999999994
TEST_2647,0.36029281457768175
TEST_2648,0.5149974024023891
TEST_2649,0.283
TEST_2650,0.4978250607665657
TEST_2651,0.49014828209889794
TEST_2652,0.6600000000000001
TEST_2653,0.4719999999999999
TEST_2654,0.5264235787327514
TEST_2655,0.5269313158752408
TEST_2656,0.3859999999999999
TEST_2657,0.34299999999999997
TEST_2658,0.4791677656091744
TEST_2659,0.48980615559195234
TEST_2660,0.47305184273210893
TEST_2661,0.5992568293825618
TEST_2662,0.7679999999999999
TEST_2663,0.7149999999999999
TEST_2664,0.77
TEST_2665,0.5061903671500928
TEST_2666,0.5529184582899447
TEST_2667,0.48592946840129836
TEST_2668,0.52
TEST_2669,0.714
TEST_2670,0.4215455714017656
TEST_2671,0.508
TEST_2672,0.4708769361069365
TEST_2673,0.6060000000000001
TEST_2674,0.5172459701618504
TEST_2675,0.32313314359325396
TEST_2676,0.6339999999999999
TEST_2677,0.49599999999999994
TEST_2678,0.9119999999999999
TEST_2679,0.31800000000000006
TEST_2680,0.48699999999999993
TEST_2681,0.3659999999999999
TEST_2682,0.49999999999999994
TEST_2683,0.4832088438946359
TEST_2684,0.10496578587091174
TEST_2685,0.7629999999999999
TEST_2686,0.20599999999999993
TEST_2687,0.49806283534235735
TEST_2688,0.4809999999999999
TEST_2689,0.579
TEST_2690,0.48199999999999993
TEST_2691,0.4759999999999999
TEST_2692,0.526
TEST_2693,0.5110155852282506
TEST_2694,0.08528324221511177
TEST_2695,0.8229999999999998
TEST_2696,0.7305622604251143
TEST_2697,0.9049999999999999
TEST_2698,0.12999999999999998
TEST_2699,0.49699999999999994
TEST_2700,0.21109228184527862
TEST_2701,0.5065444888531483
TEST_2702,0.544
TEST_2703,0.48199999999999993
TEST_2704,0.5189587193438132
TEST_2705,0.496284392077767
TEST_2706,0.4713785832201569
TEST_2707,0.4742014266331499
TEST_2708,0.4952085792473841
TEST_2709,0.4529999999999999
TEST_2710,0.4738426046980234
TEST_2711,0.8499999999999999
TEST_2712,0.24799999999999994
TEST_2713,0.511
TEST_2714,0.507
TEST_2715,0.6969999999999998
TEST_2716,0.27109381037732616
TEST_2717,0.47332369769138893
TEST_2718,0.9039999999999999
TEST_2719,0.49899999999999994
TEST_2720,0.17527955945832494
TEST_2721,0.49866813643872027
TEST_2722,0.45215315249653254
TEST_2723,0.8409999999999999
TEST_2724,0.7421712080002962
TEST_2725,0.7679295326537701
TEST_2726,0.7329999999999999
TEST_2727,0.776
TEST_2728,0.21099999999999997
TEST_2729,0.94
TEST_2730,0.4894770083517144
TEST_2731,0.6339672147404554
TEST_2732,0.6347181324152886
TEST_2733,0.23699999999999996
TEST_2734,0.38999999999999996
TEST_2735,0.5292469787118195
TEST_2736,0.4549999999999999
TEST_2737,0.4787886488585182
TEST_2738,0.4809999999999999
TEST_2739,0.5519923120981785
TEST_2740,0.49216509439741435
TEST_2741,0.516
TEST_2742,0.08800000000000002
TEST_2743,0.5050148952469624
TEST_2744,0.6010000000000001
TEST_2745,0.094
TEST_2746,0.26899999999999996
TEST_2747,0.45954234936896343
TEST_2748,0.5143898456208863
TEST_2749,0.4972341869877448
TEST_2750,0.49299999999999994
TEST_2751,0.31859937108238523
TEST_2752,0.48017795071020336
TEST_2753,0.13099999999999998
TEST_2754,0.4734551266707873
TEST_2755,0.505
TEST_2756,0.48199999999999993
TEST_2757,0.4474090695718364
TEST_2758,0.7559999999999999
TEST_2759,0.6919966390027114
TEST_2760,0.408
TEST_2761,0.508
TEST_2762,0.5031333023345781
TEST_2763,0.21099999999999997
TEST_2764,0.39099999999999996
TEST_2765,0.49039115175496895
TEST_2766,0.46551866383096013
TEST_2767,0.545
TEST_2768,0.4940217284892429
TEST_2769,0.5700000000000001
TEST_2770,0.4732337026727926
TEST_2771,0.49777905588072124
TEST_2772,0.15200000000000002
TEST_2773,0.4639999999999999
TEST_2774,0.2935108636580038
TEST_2775,0.31100000000000005
TEST_2776,0.4579999999999999
TEST_2777,0.5678149234225021
TEST_2778,0.31800000000000006
TEST_2779,0.21399999999999997
TEST_2780,0.6247103543784267
TEST_2781,0.3500000000000001
TEST_2782,0.5679544417085036
TEST_2783,0.11300000000000004
TEST_2784,0.4672214229517389
TEST_2785,0.4677341102202857
TEST_2786,0.49110891050169914
TEST_2787,0.3970944516981268
TEST_2788,0.49099999999999994
TEST_2789,0.49299999999999994
TEST_2790,0.32299993679666184
TEST_2791,0.49276170837288846
TEST_2792,0.5599999999999998
TEST_2793,0.32800000000000007
TEST_2794,0.4549999999999999
TEST_2795,0.4789999999999999
TEST_2796,0.6352131223849096
TEST_2797,0.548
TEST_2798,0.49399999999999994
TEST_2799,0.48999999999999994
TEST_2800,0.509
TEST_2801,0.48533426930989804
TEST_2802,0.5348454254874868
TEST_2803,0.7519999999999999
TEST_2804,0.4483421058665684
TEST_2805,0.4984804927781146
TEST_2806,0.37999999999999995
TEST_2807,0.4779999999999999
TEST_2808,0.48899999999999993
TEST_2809,0.4739999999999999
TEST_2810,0.41981238946247856
TEST_2811,0.7969999999999998
TEST_2812,0.4809999999999999
TEST_2813,0.49903637519467386
TEST_2814,0.4598861342853834
TEST_2815,0.5619999999999998
TEST_2816,0.4859542306970358
TEST_2817,0.4756761041535663
TEST_2818,0.48863770407475376
TEST_2819,0.4982691169984019
TEST_2820,0.625
TEST_2821,0.518
TEST_2822,0.1132340597320842
TEST_2823,0.4487077855981208
TEST_2824,0.4599335076252919
TEST_2825,0.46086625831227207
TEST_2826,0.12999999999999998
TEST_2827,0.21799999999999994
TEST_2828,0.5005270739558261
TEST_2829,0.8929999999999999
TEST_2830,0.44064567462718823
TEST_2831,0.25659222607000964
TEST_2832,0.3951523217455433
TEST_2833,0.5000526251417984
TEST_2834,0.45433639886920757
TEST_2835,0.544
TEST_2836,0.6300037536392923
TEST_2837,0.3885157236518786
TEST_2838,0.716
TEST_2839,0.48886619114256147
TEST_2840,0.516
TEST_2841,0.46948110329538933
TEST_2842,0.067
TEST_2843,0.4999933822956617
TEST_2844,0.4809999999999999
TEST_2845,0.5020119259774652
TEST_2846,0.4901713772602857
TEST_2847,0.2914691934938071
TEST_2848,0.48899999999999993
TEST_2849,0.6080000000000001
TEST_2850,0.506
TEST_2851,0.24699999999999994
TEST_2852,0.8823933766342426
TEST_2853,0.631454700825638
TEST_2854,0.5161388138333406
TEST_2855,0.25999999999999995
TEST_2856,0.48324845182361365
TEST_2857,0.23699999999999996
TEST_2858,0.5241130193357468
TEST_2859,0.45549286021473745
TEST_2860,0.5920000000000001
TEST_2861,0.8531679111335625
TEST_2862,0.8199999999999997
TEST_2863,0.6278604500002147
TEST_2864,0.4818446764796827
TEST_2865,0.25599999999999995
TEST_2866,0.49009111553456397
TEST_2867,0.283
TEST_2868,0.23670277743675722
TEST_2869,0.8529999999999998
TEST_2870,0.3340000000000001
TEST_2871,0.6060612961404774
TEST_2872,0.15600000000000003
TEST_2873,0.5190903506396268
TEST_2874,0.724
TEST_2875,0.48999999999999994
TEST_2876,0.4809999999999999
TEST_2877,0.45577088495923446
TEST_2878,0.5010473243393538
TEST_2879,0.695
TEST_2880,0.487018919230319
TEST_2881,0.6797821488054853
TEST_2882,0.9109999999999999
TEST_2883,0.5243880763374816
TEST_2884,0.47286740081115475
TEST_2885,0.72786405264966
TEST_2886,0.669951983671859
TEST_2887,0.25299999999999995
TEST_2888,0.48022460327375177
TEST_2889,0.3805873329693417
TEST_2890,0.4945588008238117
TEST_2891,0.07600000000000001
TEST_2892,0.15999999999999998
TEST_2893,0.24999999999999994
TEST_2894,0.5720000000000001
TEST_2895,0.45591505466046484
TEST_2896,0.4985116808862376
TEST_2897,0.5000887968259097
TEST_2898,0.47874779264873996
TEST_2899,0.31700000000000006
TEST_2900,0.49299999999999994
TEST_2901,0.4891245013741197
TEST_2902,0.49199999999999994
TEST_2903,0.4809999999999999
TEST_2904,0.3360000000000001
TEST_2905,0.39199999999999996
TEST_2906,0.49996035394653643
TEST_2907,0.1436645615843936
TEST_2908,0.355
TEST_2909,0.368030213622847
TEST_2910,0.4890433441282787
TEST_2911,0.4335087127031945
TEST_2912,0.4529999999999999
TEST_2913,0.49648963406485486
TEST_2914,0.6420000000000001
TEST_2915,0.48854993684378273
TEST_2916,0.49011811596264737
TEST_2917,0.48899999999999993
TEST_2918,0.4737611372018791
TEST_2919,0.486928905783742
TEST_2920,0.625
TEST_2921,0.6829999999999999
TEST_2922,0.49399999999999994
TEST_2923,0.48341258162911954
TEST_2924,0.42783017307056065
TEST_2925,0.9029999999999999
TEST_2926,0.544
TEST_2927,0.6660278587529903
TEST_2928,0.12999999999999998
TEST_2929,0.8799402632413935
TEST_2930,0.6014727406674716
TEST_2931,0.553
TEST_2932,0.533
TEST_2933,0.5710125039309344
TEST_2934,0.49799999999999994
TEST_2935,0.33902505937651484
TEST_2936,0.5869220174056295
TEST_2937,0.48810723402712897
TEST_2938,0.724
TEST_2939,0.4629999999999999
TEST_2940,0.4884556229558997
TEST_2941,0.47486013215020084
TEST_2942,0.8309999999999998
TEST_2943,0.48891148073050067
TEST_2944,0.4699999999999999
TEST_2945,0.4946986085497772
TEST_2946,0.5190287864871024
TEST_2947,0.7942475739899792
TEST_2948,0.49171919326423846
TEST_2949,0.4902173443622378
TEST_2950,0.767073315673046
TEST_2951,0.6161279030060747
TEST_2952,0.8739999999999998
TEST_2953,0.4809999999999999
TEST_2954,0.947
TEST_2955,0.53
TEST_2956,0.941
TEST_2957,0.5005931058161214
TEST_2958,0.4808364799967467
TEST_2959,0.9309999999999999
TEST_2960,0.7510848937361294
TEST_2961,0.74
TEST_2962,0.49411358555968315
TEST_2963,0.7152060067855399
TEST_2964,0.7765531007422588
TEST_2965,0.4966529797045621
TEST_2966,0.49899999999999994
TEST_2967,0.47169977909550564
TEST_2968,0.46412570914804147
TEST_2969,0.5456355579047077
TEST_2970,0.8555443539762912
TEST_2971,0.9209999999999999
TEST_2972,0.4650806359530748
TEST_2973,0.777
TEST_2974,0.8129999999999997
TEST_2975,0.7679999999999999
TEST_2976,0.4908751915998186
TEST_2977,0.7227458164562865
TEST_2978,0.4809999999999999
TEST_2979,0.5226546282785629
TEST_2980,0.492658334565529
TEST_2981,0.5107949896368391
TEST_2982,0.7850028692979368
TEST_2983,0.6379332538263767
TEST_2984,0.4589999999999999
TEST_2985,0.5170871837447908
TEST_2986,0.7869999999999998
TEST_2987,0.7219999999999999
TEST_2988,0.7289999999999999
TEST_2989,0.7859999999999998
TEST_2990,0.7324506984007202
TEST_2991,0.4259999999999999
TEST_2992,0.4799999999999999
TEST_2993,0.8829999999999999
TEST_2994,0.49615177519993836
TEST_2995,0.5120606683708177
TEST_2996,0.9429999999999998
TEST_2997,0.8047154226941908
TEST_2998,0.4978012540131324
TEST_2999,0.4945820729162819
